id_reg;name_reg
1;KAYES
1;KAYES
1;KAYES
1;KAYES
1;KAYES
1;KAYES
1;KAYES
1;KAYES
1;KAYES
1;KAYES
1;KAYES
1;KAYES
1;KAYES
1;KAYES
1;KAYES
1;KAYES
1;KAYES
1;KAYES
1;KAYES
1;KAYES
1;KAYES
1;KAYES
1;KAYES
1;KAYES
1;KAYES
1;KAYES
1;KAYES
1;KAYES
1;KAYES
1;KAYES
1;KAYES
1;KAYES
1;KAYES
1;KAYES
1;KAYES
1;KAYES
1;KAYES
1;KAYES
1;KAYES
1;KAYES
1;KAYES
1;KAYES
1;KAYES
1;KAYES
1;KAYES
1;KAYES
1;KAYES
1;KAYES
1;KAYES
1;KAYES
1;KAYES
1;KAYES
1;KAYES
1;KAYES
1;KAYES
1;KAYES
1;KAYES
1;KAYES
1;KAYES
1;KAYES
1;KAYES
1;KAYES
1;KAYES
1;KAYES
1;KAYES
1;KAYES
1;KAYES
1;KAYES
1;KAYES
1;KAYES
1;KAYES
1;KAYES
1;KAYES
1;KAYES
1;KAYES
1;KAYES
1;KAYES
1;KAYES
1;KAYES
1;KAYES
1;KAYES
1;KAYES
1;KAYES
1;KAYES
1;KAYES
1;KAYES
1;KAYES
1;KAYES
1;KAYES
1;KAYES
1;KAYES
1;KAYES
1;KAYES
1;KAYES
1;KAYES
1;KAYES
1;KAYES
1;KAYES
1;KAYES
1;KAYES
1;KAYES
1;KAYES
1;KAYES
1;KAYES
1;KAYES
1;KAYES
1;KAYES
1;KAYES
1;KAYES
1;KAYES
1;KAYES
1;KAYES
1;KAYES
1;KAYES
1;KAYES
1;KAYES
1;KAYES
1;KAYES
1;KAYES
1;KAYES
1;KAYES
1;KAYES
1;KAYES
1;KAYES
1;KAYES
1;KAYES
1;KAYES
1;KAYES
1;KAYES
1;KAYES
1;KAYES
1;KAYES
1;KAYES
1;KAYES
1;KAYES
1;KAYES
1;KAYES
1;KAYES
1;KAYES
1;KAYES
1;KAYES
1;KAYES
1;KAYES
1;KAYES
1;KAYES
1;KAYES
1;KAYES
1;KAYES
1;KAYES
1;KAYES
1;KAYES
1;KAYES
1;KAYES
1;KAYES
1;KAYES
1;KAYES
1;KAYES
1;KAYES
1;KAYES
1;KAYES
1;KAYES
1;KAYES
1;KAYES
1;KAYES
1;KAYES
1;KAYES
1;KAYES
1;KAYES
1;KAYES
1;KAYES
1;KAYES
1;KAYES
1;KAYES
1;KAYES
1;KAYES
1;KAYES
1;KAYES
1;KAYES
1;KAYES
1;KAYES
1;KAYES
1;KAYES
1;KAYES
1;KAYES
1;KAYES
1;KAYES
1;KAYES
1;KAYES
1;KAYES
1;KAYES
1;KAYES
1;KAYES
1;KAYES
1;KAYES
1;KAYES
1;KAYES
1;KAYES
1;KAYES
1;KAYES
1;KAYES
1;KAYES
1;KAYES
1;KAYES
1;KAYES
1;KAYES
1;KAYES
1;KAYES
1;KAYES
1;KAYES
1;KAYES
1;KAYES
1;KAYES
1;KAYES
1;KAYES
1;KAYES
1;KAYES
1;KAYES
1;KAYES
1;KAYES
1;KAYES
1;KAYES
1;KAYES
1;KAYES
1;KAYES
1;KAYES
1;KAYES
1;KAYES
1;KAYES
1;KAYES
1;KAYES
1;KAYES
1;KAYES
1;KAYES
1;KAYES
1;KAYES
1;KAYES
1;KAYES
1;KAYES
1;KAYES
1;KAYES
1;KAYES
1;KAYES
1;KAYES
1;KAYES
1;KAYES
1;KAYES
1;KAYES
1;KAYES
1;KAYES
1;KAYES
1;KAYES
1;KAYES
1;KAYES
1;KAYES
1;KAYES
1;KAYES
1;KAYES
1;KAYES
1;KAYES
1;KAYES
1;KAYES
1;KAYES
1;KAYES
1;KAYES
1;KAYES
1;KAYES
1;KAYES
1;KAYES
1;KAYES
1;KAYES
1;KAYES
1;KAYES
1;KAYES
1;KAYES
1;KAYES
1;KAYES
1;KAYES
1;KAYES
1;KAYES
1;KAYES
1;KAYES
1;KAYES
1;KAYES
1;KAYES
1;KAYES
1;KAYES
1;KAYES
1;KAYES
1;KAYES
1;KAYES
1;KAYES
1;KAYES
1;KAYES
1;KAYES
1;KAYES
1;KAYES
1;KAYES
1;KAYES
1;KAYES
1;KAYES
1;KAYES
1;KAYES
1;KAYES
1;KAYES
1;KAYES
1;KAYES
1;KAYES
1;KAYES
1;KAYES
1;KAYES
1;KAYES
1;KAYES
1;KAYES
1;KAYES
1;KAYES
1;KAYES
1;KAYES
1;KAYES
1;KAYES
1;KAYES
1;KAYES
1;KAYES
1;KAYES
1;KAYES
1;KAYES
1;KAYES
1;KAYES
1;KAYES
1;KAYES
1;KAYES
1;KAYES
1;KAYES
1;KAYES
1;KAYES
1;KAYES
1;KAYES
1;KAYES
1;KAYES
1;KAYES
1;KAYES
1;KAYES
1;KAYES
1;KAYES
1;KAYES
1;KAYES
1;KAYES
1;KAYES
1;KAYES
1;KAYES
1;KAYES
1;KAYES
1;KAYES
1;KAYES
1;KAYES
1;KAYES
1;KAYES
1;KAYES
1;KAYES
1;KAYES
1;KAYES
1;KAYES
1;KAYES
1;KAYES
1;KAYES
1;KAYES
1;KAYES
1;KAYES
1;KAYES
1;KAYES
1;KAYES
1;KAYES
1;KAYES
1;KAYES
1;KAYES
1;KAYES
1;KAYES
1;KAYES
1;KAYES
1;KAYES
1;KAYES
1;KAYES
1;KAYES
1;KAYES
1;KAYES
1;KAYES
1;KAYES
1;KAYES
1;KAYES
1;KAYES
1;KAYES
1;KAYES
1;KAYES
1;KAYES
1;KAYES
1;KAYES
1;KAYES
1;KAYES
1;KAYES
1;KAYES
1;KAYES
1;KAYES
1;KAYES
1;KAYES
1;KAYES
1;KAYES
1;KAYES
1;KAYES
1;KAYES
1;KAYES
1;KAYES
1;KAYES
1;KAYES
1;KAYES
1;KAYES
1;KAYES
1;KAYES
1;KAYES
1;KAYES
1;KAYES
1;KAYES
1;KAYES
1;KAYES
1;KAYES
1;KAYES
1;KAYES
1;KAYES
1;KAYES
1;KAYES
1;KAYES
1;KAYES
1;KAYES
1;KAYES
1;KAYES
1;KAYES
1;KAYES
1;KAYES
1;KAYES
1;KAYES
1;KAYES
1;KAYES
1;KAYES
1;KAYES
1;KAYES
1;KAYES
1;KAYES
1;KAYES
1;KAYES
1;KAYES
1;KAYES
1;KAYES
1;KAYES
1;KAYES
1;KAYES
1;KAYES
1;KAYES
1;KAYES
1;KAYES
1;KAYES
1;KAYES
1;KAYES
1;KAYES
1;KAYES
1;KAYES
1;KAYES
1;KAYES
1;KAYES
1;KAYES
1;KAYES
1;KAYES
1;KAYES
1;KAYES
1;KAYES
1;KAYES
1;KAYES
1;KAYES
1;KAYES
1;KAYES
1;KAYES
1;KAYES
1;KAYES
1;KAYES
1;KAYES
1;KAYES
1;KAYES
1;KAYES
1;KAYES
1;KAYES
1;KAYES
1;KAYES
1;KAYES
1;KAYES
1;KAYES
1;KAYES
1;KAYES
1;KAYES
1;KAYES
1;KAYES
1;KAYES
1;KAYES
1;KAYES
1;KAYES
1;KAYES
1;KAYES
1;KAYES
1;KAYES
1;KAYES
1;KAYES
1;KAYES
1;KAYES
1;KAYES
1;KAYES
1;KAYES
1;KAYES
1;KAYES
1;KAYES
1;KAYES
1;KAYES
1;KAYES
1;KAYES
1;KAYES
1;KAYES
1;KAYES
1;KAYES
1;KAYES
1;KAYES
1;KAYES
1;KAYES
1;KAYES
1;KAYES
1;KAYES
1;KAYES
1;KAYES
1;KAYES
1;KAYES
1;KAYES
1;KAYES
1;KAYES
1;KAYES
1;KAYES
1;KAYES
1;KAYES
1;KAYES
1;KAYES
1;KAYES
1;KAYES
1;KAYES
1;KAYES
1;KAYES
1;KAYES
1;KAYES
1;KAYES
1;KAYES
1;KAYES
1;KAYES
1;KAYES
1;KAYES
1;KAYES
1;KAYES
1;KAYES
1;KAYES
1;KAYES
1;KAYES
1;KAYES
1;KAYES
1;KAYES
1;KAYES
1;KAYES
1;KAYES
1;KAYES
1;KAYES
1;KAYES
1;KAYES
1;KAYES
1;KAYES
1;KAYES
1;KAYES
1;KAYES
1;KAYES
1;KAYES
1;KAYES
1;KAYES
1;KAYES
1;KAYES
1;KAYES
1;KAYES
1;KAYES
1;KAYES
1;KAYES
1;KAYES
1;KAYES
1;KAYES
1;KAYES
1;KAYES
1;KAYES
1;KAYES
1;KAYES
1;KAYES
1;KAYES
1;KAYES
1;KAYES
1;KAYES
1;KAYES
1;KAYES
1;KAYES
1;KAYES
1;KAYES
1;KAYES
1;KAYES
1;KAYES
1;KAYES
1;KAYES
1;KAYES
1;KAYES
1;KAYES
1;KAYES
1;KAYES
1;KAYES
1;KAYES
1;KAYES
1;KAYES
1;KAYES
1;KAYES
1;KAYES
1;KAYES
1;KAYES
1;KAYES
1;KAYES
1;KAYES
1;KAYES
1;KAYES
1;KAYES
1;KAYES
1;KAYES
1;KAYES
1;KAYES
1;KAYES
1;KAYES
1;KAYES
1;KAYES
1;KAYES
1;KAYES
1;KAYES
1;KAYES
1;KAYES
1;KAYES
1;KAYES
1;KAYES
1;KAYES
1;KAYES
1;KAYES
1;KAYES
1;KAYES
1;KAYES
1;KAYES
1;KAYES
1;KAYES
1;KAYES
1;KAYES
1;KAYES
1;KAYES
1;KAYES
1;KAYES
1;KAYES
1;KAYES
1;KAYES
1;KAYES
1;KAYES
1;KAYES
1;KAYES
1;KAYES
1;KAYES
1;KAYES
1;KAYES
1;KAYES
1;KAYES
1;KAYES
1;KAYES
1;KAYES
1;KAYES
1;KAYES
1;KAYES
1;KAYES
1;KAYES
1;KAYES
1;KAYES
1;KAYES
1;KAYES
1;KAYES
1;KAYES
1;KAYES
1;KAYES
1;KAYES
1;KAYES
1;KAYES
1;KAYES
1;KAYES
1;KAYES
1;KAYES
1;KAYES
1;KAYES
1;KAYES
1;KAYES
1;KAYES
1;KAYES
1;KAYES
1;KAYES
1;KAYES
1;KAYES
1;KAYES
1;KAYES
1;KAYES
1;KAYES
1;KAYES
1;KAYES
1;KAYES
1;KAYES
1;KAYES
1;KAYES
1;KAYES
1;KAYES
1;KAYES
1;KAYES
1;KAYES
1;KAYES
1;KAYES
1;KAYES
1;KAYES
1;KAYES
1;KAYES
1;KAYES
1;KAYES
1;KAYES
1;KAYES
1;KAYES
1;KAYES
1;KAYES
1;KAYES
1;KAYES
1;KAYES
1;KAYES
1;KAYES
1;KAYES
1;KAYES
1;KAYES
1;KAYES
1;KAYES
1;KAYES
1;KAYES
1;KAYES
1;KAYES
1;KAYES
1;KAYES
1;KAYES
1;KAYES
1;KAYES
1;KAYES
1;KAYES
1;KAYES
1;KAYES
1;KAYES
1;KAYES
1;KAYES
1;KAYES
1;KAYES
1;KAYES
1;KAYES
1;KAYES
1;KAYES
1;KAYES
1;KAYES
1;KAYES
1;KAYES
1;KAYES
1;KAYES
1;KAYES
1;KAYES
1;KAYES
1;KAYES
1;KAYES
1;KAYES
1;KAYES
1;KAYES
1;KAYES
1;KAYES
1;KAYES
1;KAYES
1;KAYES
1;KAYES
1;KAYES
1;KAYES
1;KAYES
1;KAYES
1;KAYES
1;KAYES
1;KAYES
1;KAYES
1;KAYES
1;KAYES
1;KAYES
1;KAYES
1;KAYES
1;KAYES
1;KAYES
1;KAYES
1;KAYES
1;KAYES
1;KAYES
1;KAYES
1;KAYES
1;KAYES
1;KAYES
1;KAYES
1;KAYES
1;KAYES
1;KAYES
1;KAYES
1;KAYES
1;KAYES
1;KAYES
1;KAYES
1;KAYES
1;KAYES
1;KAYES
1;KAYES
1;KAYES
1;KAYES
1;KAYES
1;KAYES
1;KAYES
1;KAYES
1;KAYES
1;KAYES
1;KAYES
1;KAYES
1;KAYES
1;KAYES
1;KAYES
1;KAYES
1;KAYES
1;KAYES
1;KAYES
1;KAYES
1;KAYES
1;KAYES
1;KAYES
1;KAYES
1;KAYES
1;KAYES
1;KAYES
1;KAYES
1;KAYES
1;KAYES
1;KAYES
1;KAYES
1;KAYES
1;KAYES
1;KAYES
1;KAYES
1;KAYES
1;KAYES
1;KAYES
1;KAYES
1;KAYES
1;KAYES
1;KAYES
1;KAYES
1;KAYES
1;KAYES
1;KAYES
1;KAYES
1;KAYES
1;KAYES
1;KAYES
1;KAYES
1;KAYES
1;KAYES
1;KAYES
1;KAYES
1;KAYES
1;KAYES
1;KAYES
1;KAYES
1;KAYES
1;KAYES
1;KAYES
1;KAYES
1;KAYES
1;KAYES
1;KAYES
1;KAYES
1;KAYES
1;KAYES
1;KAYES
1;KAYES
1;KAYES
1;KAYES
1;KAYES
1;KAYES
1;KAYES
1;KAYES
1;KAYES
1;KAYES
1;KAYES
1;KAYES
1;KAYES
1;KAYES
1;KAYES
1;KAYES
1;KAYES
1;KAYES
1;KAYES
1;KAYES
1;KAYES
1;KAYES
1;KAYES
1;KAYES
1;KAYES
1;KAYES
1;KAYES
1;KAYES
1;KAYES
1;KAYES
1;KAYES
1;KAYES
1;KAYES
1;KAYES
1;KAYES
1;KAYES
1;KAYES
1;KAYES
1;KAYES
1;KAYES
1;KAYES
1;KAYES
1;KAYES
1;KAYES
1;KAYES
1;KAYES
1;KAYES
1;KAYES
1;KAYES
1;KAYES
1;KAYES
1;KAYES
1;KAYES
1;KAYES
1;KAYES
1;KAYES
1;KAYES
1;KAYES
1;KAYES
1;KAYES
1;KAYES
1;KAYES
1;KAYES
1;KAYES
1;KAYES
1;KAYES
1;KAYES
1;KAYES
1;KAYES
1;KAYES
1;KAYES
1;KAYES
1;KAYES
1;KAYES
1;KAYES
1;KAYES
1;KAYES
1;KAYES
1;KAYES
1;KAYES
1;KAYES
1;KAYES
1;KAYES
1;KAYES
1;KAYES
1;KAYES
1;KAYES
1;KAYES
1;KAYES
1;KAYES
1;KAYES
1;KAYES
1;KAYES
1;KAYES
1;KAYES
1;KAYES
1;KAYES
1;KAYES
1;KAYES
1;KAYES
1;KAYES
1;KAYES
1;KAYES
1;KAYES
1;KAYES
1;KAYES
1;KAYES
1;KAYES
1;KAYES
1;KAYES
1;KAYES
1;KAYES
1;KAYES
1;KAYES
1;KAYES
1;KAYES
1;KAYES
1;KAYES
1;KAYES
1;KAYES
1;KAYES
1;KAYES
1;KAYES
1;KAYES
1;KAYES
1;KAYES
1;KAYES
1;KAYES
1;KAYES
1;KAYES
1;KAYES
1;KAYES
1;KAYES
1;KAYES
1;KAYES
1;KAYES
1;KAYES
1;KAYES
1;KAYES
1;KAYES
1;KAYES
1;KAYES
1;KAYES
1;KAYES
1;KAYES
1;KAYES
1;KAYES
1;KAYES
1;KAYES
1;KAYES
1;KAYES
1;KAYES
1;KAYES
1;KAYES
1;KAYES
1;KAYES
1;KAYES
1;KAYES
1;KAYES
1;KAYES
1;KAYES
1;KAYES
1;KAYES
1;KAYES
1;KAYES
1;KAYES
1;KAYES
1;KAYES
1;KAYES
1;KAYES
1;KAYES
1;KAYES
1;KAYES
1;KAYES
1;KAYES
1;KAYES
1;KAYES
1;KAYES
1;KAYES
1;KAYES
1;KAYES
1;KAYES
1;KAYES
1;KAYES
1;KAYES
1;KAYES
1;KAYES
1;KAYES
1;KAYES
1;KAYES
1;KAYES
1;KAYES
1;KAYES
1;KAYES
1;KAYES
1;KAYES
1;KAYES
1;KAYES
1;KAYES
1;KAYES
1;KAYES
1;KAYES
1;KAYES
1;KAYES
1;KAYES
1;KAYES
1;KAYES
1;KAYES
1;KAYES
1;KAYES
1;KAYES
1;KAYES
1;KAYES
1;KAYES
1;KAYES
1;KAYES
1;KAYES
1;KAYES
1;KAYES
1;KAYES
1;KAYES
1;KAYES
1;KAYES
1;KAYES
1;KAYES
1;KAYES
1;KAYES
1;KAYES
1;KAYES
1;KAYES
1;KAYES
1;KAYES
1;KAYES
1;KAYES
1;KAYES
1;KAYES
1;KAYES
1;KAYES
1;KAYES
1;KAYES
1;KAYES
1;KAYES
1;KAYES
1;KAYES
1;KAYES
1;KAYES
1;KAYES
1;KAYES
1;KAYES
1;KAYES
1;KAYES
1;KAYES
1;KAYES
1;KAYES
1;KAYES
1;KAYES
1;KAYES
1;KAYES
1;KAYES
1;KAYES
1;KAYES
1;KAYES
1;KAYES
1;KAYES
1;KAYES
1;KAYES
1;KAYES
1;KAYES
1;KAYES
1;KAYES
1;KAYES
1;KAYES
1;KAYES
1;KAYES
1;KAYES
1;KAYES
1;KAYES
1;KAYES
1;KAYES
1;KAYES
1;KAYES
1;KAYES
1;KAYES
1;KAYES
1;KAYES
1;KAYES
1;KAYES
1;KAYES
1;KAYES
1;KAYES
1;KAYES
1;KAYES
1;KAYES
1;KAYES
1;KAYES
1;KAYES
1;KAYES
1;KAYES
1;KAYES
1;KAYES
1;KAYES
1;KAYES
1;KAYES
1;KAYES
1;KAYES
1;KAYES
1;KAYES
1;KAYES
1;KAYES
1;KAYES
1;KAYES
1;KAYES
1;KAYES
1;KAYES
1;KAYES
1;KAYES
1;KAYES
1;KAYES
1;KAYES
1;KAYES
1;KAYES
1;KAYES
1;KAYES
1;KAYES
1;KAYES
1;KAYES
1;KAYES
1;KAYES
1;KAYES
1;KAYES
1;KAYES
1;KAYES
1;KAYES
1;KAYES
1;KAYES
1;KAYES
1;KAYES
1;KAYES
1;KAYES
1;KAYES
1;KAYES
1;KAYES
1;KAYES
1;KAYES
1;KAYES
1;KAYES
1;KAYES
1;KAYES
1;KAYES
1;KAYES
1;KAYES
1;KAYES
1;KAYES
1;KAYES
1;KAYES
1;KAYES
1;KAYES
1;KAYES
1;KAYES
1;KAYES
1;KAYES
1;KAYES
1;KAYES
1;KAYES
1;KAYES
1;KAYES
1;KAYES
1;KAYES
1;KAYES
1;KAYES
1;KAYES
1;KAYES
1;KAYES
1;KAYES
1;KAYES
1;KAYES
1;KAYES
1;KAYES
1;KAYES
1;KAYES
1;KAYES
1;KAYES
1;KAYES
1;KAYES
1;KAYES
1;KAYES
1;KAYES
1;KAYES
1;KAYES
1;KAYES
1;KAYES
1;KAYES
1;KAYES
1;KAYES
1;KAYES
1;KAYES
1;KAYES
1;KAYES
1;KAYES
1;KAYES
1;KAYES
1;KAYES
1;KAYES
1;KAYES
1;KAYES
1;KAYES
1;KAYES
1;KAYES
1;KAYES
1;KAYES
1;KAYES
1;KAYES
1;KAYES
1;KAYES
1;KAYES
1;KAYES
1;KAYES
1;KAYES
1;KAYES
1;KAYES
1;KAYES
1;KAYES
1;KAYES
1;KAYES
1;KAYES
1;KAYES
1;KAYES
1;KAYES
1;KAYES
1;KAYES
1;KAYES
1;KAYES
1;KAYES
1;KAYES
1;KAYES
1;KAYES
1;KAYES
1;KAYES
1;KAYES
1;KAYES
1;KAYES
1;KAYES
1;KAYES
1;KAYES
1;KAYES
1;KAYES
1;KAYES
1;KAYES
1;KAYES
1;KAYES
1;KAYES
1;KAYES
1;KAYES
1;KAYES
1;KAYES
1;KAYES
1;KAYES
1;KAYES
1;KAYES
1;KAYES
1;KAYES
1;KAYES
1;KAYES
1;KAYES
1;KAYES
1;KAYES
1;KAYES
1;KAYES
1;KAYES
1;KAYES
1;KAYES
1;KAYES
1;KAYES
1;KAYES
1;KAYES
1;KAYES
1;KAYES
1;KAYES
1;KAYES
1;KAYES
1;KAYES
1;KAYES
1;KAYES
1;KAYES
1;KAYES
1;KAYES
1;KAYES
1;KAYES
1;KAYES
1;KAYES
1;KAYES
1;KAYES
1;KAYES
1;KAYES
1;KAYES
1;KAYES
1;KAYES
1;KAYES
1;KAYES
1;KAYES
1;KAYES
1;KAYES
1;KAYES
1;KAYES
1;KAYES
1;KAYES
1;KAYES
1;KAYES
1;KAYES
1;KAYES
1;KAYES
1;KAYES
1;KAYES
1;KAYES
1;KAYES
1;KAYES
1;KAYES
1;KAYES
1;KAYES
1;KAYES
1;KAYES
1;KAYES
1;KAYES
1;KAYES
1;KAYES
1;KAYES
1;KAYES
1;KAYES
1;KAYES
1;KAYES
1;KAYES
1;KAYES
1;KAYES
1;KAYES
1;KAYES
1;KAYES
1;KAYES
1;KAYES
1;KAYES
1;KAYES
1;KAYES
1;KAYES
1;KAYES
1;KAYES
1;KAYES
1;KAYES
1;KAYES
1;KAYES
1;KAYES
1;KAYES
1;KAYES
1;KAYES
1;KAYES
1;KAYES
1;KAYES
1;KAYES
1;KAYES
1;KAYES
1;KAYES
1;KAYES
1;KAYES
1;KAYES
1;KAYES
1;KAYES
1;KAYES
1;KAYES
1;KAYES
1;KAYES
1;KAYES
1;KAYES
1;KAYES
1;KAYES
1;KAYES
1;KAYES
1;KAYES
1;KAYES
1;KAYES
1;KAYES
1;KAYES
1;KAYES
1;KAYES
1;KAYES
1;KAYES
1;KAYES
1;KAYES
1;KAYES
1;KAYES
1;KAYES
1;KAYES
1;KAYES
1;KAYES
1;KAYES
1;KAYES
1;KAYES
1;KAYES
1;KAYES
1;KAYES
1;KAYES
1;KAYES
1;KAYES
1;KAYES
1;KAYES
1;KAYES
1;KAYES
1;KAYES
1;KAYES
1;KAYES
1;KAYES
1;KAYES
1;KAYES
1;KAYES
1;KAYES
1;KAYES
1;KAYES
1;KAYES
1;KAYES
1;KAYES
1;KAYES
1;KAYES
1;KAYES
1;KAYES
1;KAYES
1;KAYES
1;KAYES
1;KAYES
1;KAYES
1;KAYES
1;KAYES
1;KAYES
1;KAYES
1;KAYES
1;KAYES
1;KAYES
1;KAYES
2;KOULIKORO
2;KOULIKORO
2;KOULIKORO
2;KOULIKORO
2;KOULIKORO
2;KOULIKORO
2;KOULIKORO
2;KOULIKORO
2;KOULIKORO
2;KOULIKORO
2;KOULIKORO
2;KOULIKORO
2;KOULIKORO
2;KOULIKORO
2;KOULIKORO
2;KOULIKORO
2;KOULIKORO
2;KOULIKORO
2;KOULIKORO
2;KOULIKORO
2;KOULIKORO
2;KOULIKORO
2;KOULIKORO
2;KOULIKORO
2;KOULIKORO
2;KOULIKORO
2;KOULIKORO
2;KOULIKORO
2;KOULIKORO
2;KOULIKORO
2;KOULIKORO
2;KOULIKORO
2;KOULIKORO
2;KOULIKORO
2;KOULIKORO
2;KOULIKORO
2;KOULIKORO
2;KOULIKORO
2;KOULIKORO
2;KOULIKORO
2;KOULIKORO
2;KOULIKORO
2;KOULIKORO
2;KOULIKORO
2;KOULIKORO
2;KOULIKORO
2;KOULIKORO
2;KOULIKORO
2;KOULIKORO
2;KOULIKORO
2;KOULIKORO
2;KOULIKORO
2;KOULIKORO
2;KOULIKORO
2;KOULIKORO
2;KOULIKORO
2;KOULIKORO
2;KOULIKORO
2;KOULIKORO
2;KOULIKORO
2;KOULIKORO
2;KOULIKORO
2;KOULIKORO
2;KOULIKORO
2;KOULIKORO
2;KOULIKORO
2;KOULIKORO
2;KOULIKORO
2;KOULIKORO
2;KOULIKORO
2;KOULIKORO
2;KOULIKORO
2;KOULIKORO
2;KOULIKORO
2;KOULIKORO
2;KOULIKORO
2;KOULIKORO
2;KOULIKORO
2;KOULIKORO
2;KOULIKORO
2;KOULIKORO
2;KOULIKORO
2;KOULIKORO
2;KOULIKORO
2;KOULIKORO
2;KOULIKORO
2;KOULIKORO
2;KOULIKORO
2;KOULIKORO
2;KOULIKORO
2;KOULIKORO
2;KOULIKORO
2;KOULIKORO
2;KOULIKORO
2;KOULIKORO
2;KOULIKORO
2;KOULIKORO
2;KOULIKORO
2;KOULIKORO
2;KOULIKORO
2;KOULIKORO
2;KOULIKORO
2;KOULIKORO
2;KOULIKORO
2;KOULIKORO
2;KOULIKORO
2;KOULIKORO
2;KOULIKORO
2;KOULIKORO
2;KOULIKORO
2;KOULIKORO
2;KOULIKORO
2;KOULIKORO
2;KOULIKORO
2;KOULIKORO
2;KOULIKORO
2;KOULIKORO
2;KOULIKORO
2;KOULIKORO
2;KOULIKORO
2;KOULIKORO
2;KOULIKORO
2;KOULIKORO
2;KOULIKORO
2;KOULIKORO
2;KOULIKORO
2;KOULIKORO
2;KOULIKORO
2;KOULIKORO
2;KOULIKORO
2;KOULIKORO
2;KOULIKORO
2;KOULIKORO
2;KOULIKORO
2;KOULIKORO
2;KOULIKORO
2;KOULIKORO
2;KOULIKORO
2;KOULIKORO
2;KOULIKORO
2;KOULIKORO
2;KOULIKORO
2;KOULIKORO
2;KOULIKORO
2;KOULIKORO
2;KOULIKORO
2;KOULIKORO
2;KOULIKORO
2;KOULIKORO
2;KOULIKORO
2;KOULIKORO
2;KOULIKORO
2;KOULIKORO
2;KOULIKORO
2;KOULIKORO
2;KOULIKORO
2;KOULIKORO
2;KOULIKORO
2;KOULIKORO
2;KOULIKORO
2;KOULIKORO
2;KOULIKORO
2;KOULIKORO
2;KOULIKORO
2;KOULIKORO
2;KOULIKORO
2;KOULIKORO
2;KOULIKORO
2;KOULIKORO
2;KOULIKORO
2;KOULIKORO
2;KOULIKORO
2;KOULIKORO
2;KOULIKORO
2;KOULIKORO
2;KOULIKORO
2;KOULIKORO
2;KOULIKORO
2;KOULIKORO
2;KOULIKORO
2;KOULIKORO
2;KOULIKORO
2;KOULIKORO
2;KOULIKORO
2;KOULIKORO
2;KOULIKORO
2;KOULIKORO
2;KOULIKORO
2;KOULIKORO
2;KOULIKORO
2;KOULIKORO
2;KOULIKORO
2;KOULIKORO
2;KOULIKORO
2;KOULIKORO
2;KOULIKORO
2;KOULIKORO
2;KOULIKORO
2;KOULIKORO
2;KOULIKORO
2;KOULIKORO
2;KOULIKORO
2;KOULIKORO
2;KOULIKORO
2;KOULIKORO
2;KOULIKORO
2;KOULIKORO
2;KOULIKORO
2;KOULIKORO
2;KOULIKORO
2;KOULIKORO
2;KOULIKORO
2;KOULIKORO
2;KOULIKORO
2;KOULIKORO
2;KOULIKORO
2;KOULIKORO
2;KOULIKORO
2;KOULIKORO
2;KOULIKORO
2;KOULIKORO
2;KOULIKORO
2;KOULIKORO
2;KOULIKORO
2;KOULIKORO
2;KOULIKORO
2;KOULIKORO
2;KOULIKORO
2;KOULIKORO
2;KOULIKORO
2;KOULIKORO
2;KOULIKORO
2;KOULIKORO
2;KOULIKORO
2;KOULIKORO
2;KOULIKORO
2;KOULIKORO
2;KOULIKORO
2;KOULIKORO
2;KOULIKORO
2;KOULIKORO
2;KOULIKORO
2;KOULIKORO
2;KOULIKORO
2;KOULIKORO
2;KOULIKORO
2;KOULIKORO
2;KOULIKORO
2;KOULIKORO
2;KOULIKORO
2;KOULIKORO
2;KOULIKORO
2;KOULIKORO
2;KOULIKORO
2;KOULIKORO
2;KOULIKORO
2;KOULIKORO
2;KOULIKORO
2;KOULIKORO
2;KOULIKORO
2;KOULIKORO
2;KOULIKORO
2;KOULIKORO
2;KOULIKORO
2;KOULIKORO
2;KOULIKORO
2;KOULIKORO
2;KOULIKORO
2;KOULIKORO
2;KOULIKORO
2;KOULIKORO
2;KOULIKORO
2;KOULIKORO
2;KOULIKORO
2;KOULIKORO
2;KOULIKORO
2;KOULIKORO
2;KOULIKORO
2;KOULIKORO
2;KOULIKORO
2;KOULIKORO
2;KOULIKORO
2;KOULIKORO
2;KOULIKORO
2;KOULIKORO
2;KOULIKORO
2;KOULIKORO
2;KOULIKORO
2;KOULIKORO
2;KOULIKORO
2;KOULIKORO
2;KOULIKORO
2;KOULIKORO
2;KOULIKORO
2;KOULIKORO
2;KOULIKORO
2;KOULIKORO
2;KOULIKORO
2;KOULIKORO
2;KOULIKORO
2;KOULIKORO
2;KOULIKORO
2;KOULIKORO
2;KOULIKORO
2;KOULIKORO
2;KOULIKORO
2;KOULIKORO
2;KOULIKORO
2;KOULIKORO
2;KOULIKORO
2;KOULIKORO
2;KOULIKORO
2;KOULIKORO
2;KOULIKORO
2;KOULIKORO
2;KOULIKORO
2;KOULIKORO
2;KOULIKORO
2;KOULIKORO
2;KOULIKORO
2;KOULIKORO
2;KOULIKORO
2;KOULIKORO
2;KOULIKORO
2;KOULIKORO
2;KOULIKORO
2;KOULIKORO
2;KOULIKORO
2;KOULIKORO
2;KOULIKORO
2;KOULIKORO
2;KOULIKORO
2;KOULIKORO
2;KOULIKORO
2;KOULIKORO
2;KOULIKORO
2;KOULIKORO
2;KOULIKORO
2;KOULIKORO
2;KOULIKORO
2;KOULIKORO
2;KOULIKORO
2;KOULIKORO
2;KOULIKORO
2;KOULIKORO
2;KOULIKORO
2;KOULIKORO
2;KOULIKORO
2;KOULIKORO
2;KOULIKORO
2;KOULIKORO
2;KOULIKORO
2;KOULIKORO
2;KOULIKORO
2;KOULIKORO
2;KOULIKORO
2;KOULIKORO
2;KOULIKORO
2;KOULIKORO
2;KOULIKORO
2;KOULIKORO
2;KOULIKORO
2;KOULIKORO
2;KOULIKORO
2;KOULIKORO
2;KOULIKORO
2;KOULIKORO
2;KOULIKORO
2;KOULIKORO
2;KOULIKORO
2;KOULIKORO
2;KOULIKORO
2;KOULIKORO
2;KOULIKORO
2;KOULIKORO
2;KOULIKORO
2;KOULIKORO
2;KOULIKORO
2;KOULIKORO
2;KOULIKORO
2;KOULIKORO
2;KOULIKORO
2;KOULIKORO
2;KOULIKORO
2;KOULIKORO
2;KOULIKORO
2;KOULIKORO
2;KOULIKORO
2;KOULIKORO
2;KOULIKORO
2;KOULIKORO
2;KOULIKORO
2;KOULIKORO
2;KOULIKORO
2;KOULIKORO
2;KOULIKORO
2;KOULIKORO
2;KOULIKORO
2;KOULIKORO
2;KOULIKORO
2;KOULIKORO
2;KOULIKORO
2;KOULIKORO
2;KOULIKORO
2;KOULIKORO
2;KOULIKORO
2;KOULIKORO
2;KOULIKORO
2;KOULIKORO
2;KOULIKORO
2;KOULIKORO
2;KOULIKORO
2;KOULIKORO
2;KOULIKORO
2;KOULIKORO
2;KOULIKORO
2;KOULIKORO
2;KOULIKORO
2;KOULIKORO
2;KOULIKORO
2;KOULIKORO
2;KOULIKORO
2;KOULIKORO
2;KOULIKORO
2;KOULIKORO
2;KOULIKORO
2;KOULIKORO
2;KOULIKORO
2;KOULIKORO
2;KOULIKORO
2;KOULIKORO
2;KOULIKORO
2;KOULIKORO
2;KOULIKORO
2;KOULIKORO
2;KOULIKORO
2;KOULIKORO
2;KOULIKORO
2;KOULIKORO
2;KOULIKORO
2;KOULIKORO
2;KOULIKORO
2;KOULIKORO
2;KOULIKORO
2;KOULIKORO
2;KOULIKORO
2;KOULIKORO
2;KOULIKORO
2;KOULIKORO
2;KOULIKORO
2;KOULIKORO
2;KOULIKORO
2;KOULIKORO
2;KOULIKORO
2;KOULIKORO
2;KOULIKORO
2;KOULIKORO
2;KOULIKORO
2;KOULIKORO
2;KOULIKORO
2;KOULIKORO
2;KOULIKORO
2;KOULIKORO
2;KOULIKORO
2;KOULIKORO
2;KOULIKORO
2;KOULIKORO
2;KOULIKORO
2;KOULIKORO
2;KOULIKORO
2;KOULIKORO
2;KOULIKORO
2;KOULIKORO
2;KOULIKORO
2;KOULIKORO
2;KOULIKORO
2;KOULIKORO
2;KOULIKORO
2;KOULIKORO
2;KOULIKORO
2;KOULIKORO
2;KOULIKORO
2;KOULIKORO
2;KOULIKORO
2;KOULIKORO
2;KOULIKORO
2;KOULIKORO
2;KOULIKORO
2;KOULIKORO
2;KOULIKORO
2;KOULIKORO
2;KOULIKORO
2;KOULIKORO
2;KOULIKORO
2;KOULIKORO
2;KOULIKORO
2;KOULIKORO
2;KOULIKORO
2;KOULIKORO
2;KOULIKORO
2;KOULIKORO
2;KOULIKORO
2;KOULIKORO
2;KOULIKORO
2;KOULIKORO
2;KOULIKORO
2;KOULIKORO
2;KOULIKORO
2;KOULIKORO
2;KOULIKORO
2;KOULIKORO
2;KOULIKORO
2;KOULIKORO
2;KOULIKORO
2;KOULIKORO
2;KOULIKORO
2;KOULIKORO
2;KOULIKORO
2;KOULIKORO
2;KOULIKORO
2;KOULIKORO
2;KOULIKORO
2;KOULIKORO
2;KOULIKORO
2;KOULIKORO
2;KOULIKORO
2;KOULIKORO
2;KOULIKORO
2;KOULIKORO
2;KOULIKORO
2;KOULIKORO
2;KOULIKORO
2;KOULIKORO
2;KOULIKORO
2;KOULIKORO
2;KOULIKORO
2;KOULIKORO
2;KOULIKORO
2;KOULIKORO
2;KOULIKORO
2;KOULIKORO
2;KOULIKORO
2;KOULIKORO
2;KOULIKORO
2;KOULIKORO
2;KOULIKORO
2;KOULIKORO
2;KOULIKORO
2;KOULIKORO
2;KOULIKORO
2;KOULIKORO
2;KOULIKORO
2;KOULIKORO
2;KOULIKORO
2;KOULIKORO
2;KOULIKORO
2;KOULIKORO
2;KOULIKORO
2;KOULIKORO
2;KOULIKORO
2;KOULIKORO
2;KOULIKORO
2;KOULIKORO
2;KOULIKORO
2;KOULIKORO
2;KOULIKORO
2;KOULIKORO
2;KOULIKORO
2;KOULIKORO
2;KOULIKORO
2;KOULIKORO
2;KOULIKORO
2;KOULIKORO
2;KOULIKORO
2;KOULIKORO
2;KOULIKORO
2;KOULIKORO
2;KOULIKORO
2;KOULIKORO
2;KOULIKORO
2;KOULIKORO
2;KOULIKORO
2;KOULIKORO
2;KOULIKORO
2;KOULIKORO
2;KOULIKORO
2;KOULIKORO
2;KOULIKORO
2;KOULIKORO
2;KOULIKORO
2;KOULIKORO
2;KOULIKORO
2;KOULIKORO
2;KOULIKORO
2;KOULIKORO
2;KOULIKORO
2;KOULIKORO
2;KOULIKORO
2;KOULIKORO
2;KOULIKORO
2;KOULIKORO
2;KOULIKORO
2;KOULIKORO
2;KOULIKORO
2;KOULIKORO
2;KOULIKORO
2;KOULIKORO
2;KOULIKORO
2;KOULIKORO
2;KOULIKORO
2;KOULIKORO
2;KOULIKORO
2;KOULIKORO
2;KOULIKORO
2;KOULIKORO
2;KOULIKORO
2;KOULIKORO
2;KOULIKORO
2;KOULIKORO
2;KOULIKORO
2;KOULIKORO
2;KOULIKORO
2;KOULIKORO
2;KOULIKORO
2;KOULIKORO
2;KOULIKORO
2;KOULIKORO
2;KOULIKORO
2;KOULIKORO
2;KOULIKORO
2;KOULIKORO
2;KOULIKORO
2;KOULIKORO
2;KOULIKORO
2;KOULIKORO
2;KOULIKORO
2;KOULIKORO
2;KOULIKORO
2;KOULIKORO
2;KOULIKORO
2;KOULIKORO
2;KOULIKORO
2;KOULIKORO
2;KOULIKORO
2;KOULIKORO
2;KOULIKORO
2;KOULIKORO
2;KOULIKORO
2;KOULIKORO
2;KOULIKORO
2;KOULIKORO
2;KOULIKORO
2;KOULIKORO
2;KOULIKORO
2;KOULIKORO
2;KOULIKORO
2;KOULIKORO
2;KOULIKORO
2;KOULIKORO
2;KOULIKORO
2;KOULIKORO
2;KOULIKORO
2;KOULIKORO
2;KOULIKORO
2;KOULIKORO
2;KOULIKORO
2;KOULIKORO
2;KOULIKORO
2;KOULIKORO
2;KOULIKORO
2;KOULIKORO
2;KOULIKORO
2;KOULIKORO
2;KOULIKORO
2;KOULIKORO
2;KOULIKORO
2;KOULIKORO
2;KOULIKORO
2;KOULIKORO
2;KOULIKORO
2;KOULIKORO
2;KOULIKORO
2;KOULIKORO
2;KOULIKORO
2;KOULIKORO
2;KOULIKORO
2;KOULIKORO
2;KOULIKORO
2;KOULIKORO
2;KOULIKORO
2;KOULIKORO
2;KOULIKORO
2;KOULIKORO
2;KOULIKORO
2;KOULIKORO
2;KOULIKORO
2;KOULIKORO
2;KOULIKORO
2;KOULIKORO
2;KOULIKORO
2;KOULIKORO
2;KOULIKORO
2;KOULIKORO
2;KOULIKORO
2;KOULIKORO
2;KOULIKORO
2;KOULIKORO
2;KOULIKORO
2;KOULIKORO
2;KOULIKORO
2;KOULIKORO
2;KOULIKORO
2;KOULIKORO
2;KOULIKORO
2;KOULIKORO
2;KOULIKORO
2;KOULIKORO
2;KOULIKORO
2;KOULIKORO
2;KOULIKORO
2;KOULIKORO
2;KOULIKORO
2;KOULIKORO
2;KOULIKORO
2;KOULIKORO
2;KOULIKORO
2;KOULIKORO
2;KOULIKORO
2;KOULIKORO
2;KOULIKORO
2;KOULIKORO
2;KOULIKORO
2;KOULIKORO
2;KOULIKORO
2;KOULIKORO
2;KOULIKORO
2;KOULIKORO
2;KOULIKORO
2;KOULIKORO
2;KOULIKORO
2;KOULIKORO
2;KOULIKORO
2;KOULIKORO
2;KOULIKORO
2;KOULIKORO
2;KOULIKORO
2;KOULIKORO
2;KOULIKORO
2;KOULIKORO
2;KOULIKORO
2;KOULIKORO
2;KOULIKORO
2;KOULIKORO
2;KOULIKORO
2;KOULIKORO
2;KOULIKORO
2;KOULIKORO
2;KOULIKORO
2;KOULIKORO
2;KOULIKORO
2;KOULIKORO
2;KOULIKORO
2;KOULIKORO
2;KOULIKORO
2;KOULIKORO
2;KOULIKORO
2;KOULIKORO
2;KOULIKORO
2;KOULIKORO
2;KOULIKORO
2;KOULIKORO
2;KOULIKORO
2;KOULIKORO
2;KOULIKORO
2;KOULIKORO
2;KOULIKORO
2;KOULIKORO
2;KOULIKORO
2;KOULIKORO
2;KOULIKORO
2;KOULIKORO
2;KOULIKORO
2;KOULIKORO
2;KOULIKORO
2;KOULIKORO
2;KOULIKORO
2;KOULIKORO
2;KOULIKORO
2;KOULIKORO
2;KOULIKORO
2;KOULIKORO
2;KOULIKORO
2;KOULIKORO
2;KOULIKORO
2;KOULIKORO
2;KOULIKORO
2;KOULIKORO
2;KOULIKORO
2;KOULIKORO
2;KOULIKORO
2;KOULIKORO
2;KOULIKORO
2;KOULIKORO
2;KOULIKORO
2;KOULIKORO
2;KOULIKORO
2;KOULIKORO
2;KOULIKORO
2;KOULIKORO
2;KOULIKORO
2;KOULIKORO
2;KOULIKORO
2;KOULIKORO
2;KOULIKORO
2;KOULIKORO
2;KOULIKORO
2;KOULIKORO
2;KOULIKORO
2;KOULIKORO
2;KOULIKORO
2;KOULIKORO
2;KOULIKORO
2;KOULIKORO
2;KOULIKORO
2;KOULIKORO
2;KOULIKORO
2;KOULIKORO
2;KOULIKORO
2;KOULIKORO
2;KOULIKORO
2;KOULIKORO
2;KOULIKORO
2;KOULIKORO
2;KOULIKORO
2;KOULIKORO
2;KOULIKORO
2;KOULIKORO
2;KOULIKORO
2;KOULIKORO
2;KOULIKORO
2;KOULIKORO
2;KOULIKORO
2;KOULIKORO
2;KOULIKORO
2;KOULIKORO
2;KOULIKORO
2;KOULIKORO
2;KOULIKORO
2;KOULIKORO
2;KOULIKORO
2;KOULIKORO
2;KOULIKORO
2;KOULIKORO
2;KOULIKORO
2;KOULIKORO
2;KOULIKORO
2;KOULIKORO
2;KOULIKORO
2;KOULIKORO
2;KOULIKORO
2;KOULIKORO
2;KOULIKORO
2;KOULIKORO
2;KOULIKORO
2;KOULIKORO
2;KOULIKORO
2;KOULIKORO
2;KOULIKORO
2;KOULIKORO
2;KOULIKORO
2;KOULIKORO
2;KOULIKORO
2;KOULIKORO
2;KOULIKORO
2;KOULIKORO
2;KOULIKORO
2;KOULIKORO
2;KOULIKORO
2;KOULIKORO
2;KOULIKORO
2;KOULIKORO
2;KOULIKORO
2;KOULIKORO
2;KOULIKORO
2;KOULIKORO
2;KOULIKORO
2;KOULIKORO
2;KOULIKORO
2;KOULIKORO
2;KOULIKORO
2;KOULIKORO
2;KOULIKORO
2;KOULIKORO
2;KOULIKORO
2;KOULIKORO
2;KOULIKORO
2;KOULIKORO
2;KOULIKORO
2;KOULIKORO
2;KOULIKORO
2;KOULIKORO
2;KOULIKORO
2;KOULIKORO
2;KOULIKORO
2;KOULIKORO
2;KOULIKORO
2;KOULIKORO
2;KOULIKORO
2;KOULIKORO
2;KOULIKORO
2;KOULIKORO
2;KOULIKORO
2;KOULIKORO
2;KOULIKORO
2;KOULIKORO
2;KOULIKORO
2;KOULIKORO
2;KOULIKORO
2;KOULIKORO
2;KOULIKORO
2;KOULIKORO
2;KOULIKORO
2;KOULIKORO
2;KOULIKORO
2;KOULIKORO
2;KOULIKORO
2;KOULIKORO
2;KOULIKORO
2;KOULIKORO
2;KOULIKORO
2;KOULIKORO
2;KOULIKORO
2;KOULIKORO
2;KOULIKORO
2;KOULIKORO
2;KOULIKORO
2;KOULIKORO
2;KOULIKORO
2;KOULIKORO
2;KOULIKORO
2;KOULIKORO
2;KOULIKORO
2;KOULIKORO
2;KOULIKORO
2;KOULIKORO
2;KOULIKORO
2;KOULIKORO
2;KOULIKORO
2;KOULIKORO
2;KOULIKORO
2;KOULIKORO
2;KOULIKORO
2;KOULIKORO
2;KOULIKORO
2;KOULIKORO
2;KOULIKORO
2;KOULIKORO
2;KOULIKORO
2;KOULIKORO
2;KOULIKORO
2;KOULIKORO
2;KOULIKORO
2;KOULIKORO
2;KOULIKORO
2;KOULIKORO
2;KOULIKORO
2;KOULIKORO
2;KOULIKORO
2;KOULIKORO
2;KOULIKORO
2;KOULIKORO
2;KOULIKORO
2;KOULIKORO
2;KOULIKORO
2;KOULIKORO
2;KOULIKORO
2;KOULIKORO
2;KOULIKORO
2;KOULIKORO
2;KOULIKORO
2;KOULIKORO
2;KOULIKORO
2;KOULIKORO
2;KOULIKORO
2;KOULIKORO
2;KOULIKORO
2;KOULIKORO
2;KOULIKORO
2;KOULIKORO
2;KOULIKORO
2;KOULIKORO
2;KOULIKORO
2;KOULIKORO
2;KOULIKORO
2;KOULIKORO
2;KOULIKORO
2;KOULIKORO
2;KOULIKORO
2;KOULIKORO
2;KOULIKORO
2;KOULIKORO
2;KOULIKORO
2;KOULIKORO
2;KOULIKORO
2;KOULIKORO
2;KOULIKORO
2;KOULIKORO
2;KOULIKORO
2;KOULIKORO
2;KOULIKORO
2;KOULIKORO
2;KOULIKORO
2;KOULIKORO
2;KOULIKORO
2;KOULIKORO
2;KOULIKORO
2;KOULIKORO
2;KOULIKORO
2;KOULIKORO
2;KOULIKORO
2;KOULIKORO
2;KOULIKORO
2;KOULIKORO
2;KOULIKORO
2;KOULIKORO
2;KOULIKORO
2;KOULIKORO
2;KOULIKORO
2;KOULIKORO
2;KOULIKORO
2;KOULIKORO
2;KOULIKORO
2;KOULIKORO
2;KOULIKORO
2;KOULIKORO
2;KOULIKORO
2;KOULIKORO
2;KOULIKORO
2;KOULIKORO
2;KOULIKORO
2;KOULIKORO
2;KOULIKORO
2;KOULIKORO
2;KOULIKORO
2;KOULIKORO
2;KOULIKORO
2;KOULIKORO
2;KOULIKORO
2;KOULIKORO
2;KOULIKORO
2;KOULIKORO
2;KOULIKORO
2;KOULIKORO
2;KOULIKORO
2;KOULIKORO
2;KOULIKORO
2;KOULIKORO
2;KOULIKORO
2;KOULIKORO
2;KOULIKORO
2;KOULIKORO
2;KOULIKORO
2;KOULIKORO
2;KOULIKORO
2;KOULIKORO
2;KOULIKORO
2;KOULIKORO
2;KOULIKORO
2;KOULIKORO
2;KOULIKORO
2;KOULIKORO
2;KOULIKORO
2;KOULIKORO
2;KOULIKORO
2;KOULIKORO
2;KOULIKORO
2;KOULIKORO
2;KOULIKORO
2;KOULIKORO
2;KOULIKORO
2;KOULIKORO
2;KOULIKORO
2;KOULIKORO
2;KOULIKORO
2;KOULIKORO
2;KOULIKORO
2;KOULIKORO
2;KOULIKORO
2;KOULIKORO
2;KOULIKORO
2;KOULIKORO
2;KOULIKORO
2;KOULIKORO
2;KOULIKORO
2;KOULIKORO
2;KOULIKORO
2;KOULIKORO
2;KOULIKORO
2;KOULIKORO
2;KOULIKORO
2;KOULIKORO
2;KOULIKORO
2;KOULIKORO
2;KOULIKORO
2;KOULIKORO
2;KOULIKORO
2;KOULIKORO
2;KOULIKORO
2;KOULIKORO
2;KOULIKORO
2;KOULIKORO
2;KOULIKORO
2;KOULIKORO
2;KOULIKORO
2;KOULIKORO
2;KOULIKORO
2;KOULIKORO
2;KOULIKORO
2;KOULIKORO
2;KOULIKORO
2;KOULIKORO
2;KOULIKORO
2;KOULIKORO
2;KOULIKORO
2;KOULIKORO
2;KOULIKORO
2;KOULIKORO
2;KOULIKORO
2;KOULIKORO
2;KOULIKORO
2;KOULIKORO
2;KOULIKORO
2;KOULIKORO
2;KOULIKORO
2;KOULIKORO
2;KOULIKORO
2;KOULIKORO
2;KOULIKORO
2;KOULIKORO
2;KOULIKORO
2;KOULIKORO
2;KOULIKORO
2;KOULIKORO
2;KOULIKORO
2;KOULIKORO
2;KOULIKORO
2;KOULIKORO
2;KOULIKORO
2;KOULIKORO
2;KOULIKORO
2;KOULIKORO
2;KOULIKORO
2;KOULIKORO
2;KOULIKORO
2;KOULIKORO
2;KOULIKORO
2;KOULIKORO
2;KOULIKORO
2;KOULIKORO
2;KOULIKORO
2;KOULIKORO
2;KOULIKORO
2;KOULIKORO
2;KOULIKORO
2;KOULIKORO
2;KOULIKORO
2;KOULIKORO
2;KOULIKORO
2;KOULIKORO
2;KOULIKORO
2;KOULIKORO
2;KOULIKORO
2;KOULIKORO
2;KOULIKORO
2;KOULIKORO
2;KOULIKORO
2;KOULIKORO
2;KOULIKORO
2;KOULIKORO
2;KOULIKORO
2;KOULIKORO
2;KOULIKORO
2;KOULIKORO
2;KOULIKORO
2;KOULIKORO
2;KOULIKORO
2;KOULIKORO
2;KOULIKORO
2;KOULIKORO
2;KOULIKORO
2;KOULIKORO
2;KOULIKORO
2;KOULIKORO
2;KOULIKORO
2;KOULIKORO
2;KOULIKORO
2;KOULIKORO
2;KOULIKORO
2;KOULIKORO
2;KOULIKORO
2;KOULIKORO
2;KOULIKORO
2;KOULIKORO
2;KOULIKORO
2;KOULIKORO
2;KOULIKORO
2;KOULIKORO
2;KOULIKORO
2;KOULIKORO
2;KOULIKORO
2;KOULIKORO
2;KOULIKORO
2;KOULIKORO
2;KOULIKORO
2;KOULIKORO
2;KOULIKORO
2;KOULIKORO
2;KOULIKORO
2;KOULIKORO
2;KOULIKORO
2;KOULIKORO
2;KOULIKORO
2;KOULIKORO
2;KOULIKORO
2;KOULIKORO
2;KOULIKORO
2;KOULIKORO
2;KOULIKORO
2;KOULIKORO
2;KOULIKORO
2;KOULIKORO
2;KOULIKORO
2;KOULIKORO
2;KOULIKORO
2;KOULIKORO
2;KOULIKORO
2;KOULIKORO
2;KOULIKORO
2;KOULIKORO
2;KOULIKORO
2;KOULIKORO
2;KOULIKORO
2;KOULIKORO
2;KOULIKORO
2;KOULIKORO
2;KOULIKORO
2;KOULIKORO
2;KOULIKORO
2;KOULIKORO
2;KOULIKORO
2;KOULIKORO
2;KOULIKORO
2;KOULIKORO
2;KOULIKORO
2;KOULIKORO
2;KOULIKORO
2;KOULIKORO
2;KOULIKORO
2;KOULIKORO
2;KOULIKORO
2;KOULIKORO
2;KOULIKORO
2;KOULIKORO
2;KOULIKORO
2;KOULIKORO
2;KOULIKORO
2;KOULIKORO
2;KOULIKORO
2;KOULIKORO
2;KOULIKORO
2;KOULIKORO
2;KOULIKORO
2;KOULIKORO
2;KOULIKORO
2;KOULIKORO
2;KOULIKORO
2;KOULIKORO
2;KOULIKORO
2;KOULIKORO
2;KOULIKORO
2;KOULIKORO
2;KOULIKORO
2;KOULIKORO
2;KOULIKORO
2;KOULIKORO
2;KOULIKORO
2;KOULIKORO
2;KOULIKORO
2;KOULIKORO
2;KOULIKORO
2;KOULIKORO
2;KOULIKORO
2;KOULIKORO
2;KOULIKORO
2;KOULIKORO
2;KOULIKORO
2;KOULIKORO
2;KOULIKORO
2;KOULIKORO
2;KOULIKORO
2;KOULIKORO
2;KOULIKORO
2;KOULIKORO
2;KOULIKORO
2;KOULIKORO
2;KOULIKORO
2;KOULIKORO
2;KOULIKORO
2;KOULIKORO
2;KOULIKORO
2;KOULIKORO
2;KOULIKORO
2;KOULIKORO
2;KOULIKORO
2;KOULIKORO
2;KOULIKORO
2;KOULIKORO
2;KOULIKORO
2;KOULIKORO
2;KOULIKORO
2;KOULIKORO
2;KOULIKORO
2;KOULIKORO
2;KOULIKORO
2;KOULIKORO
2;KOULIKORO
2;KOULIKORO
2;KOULIKORO
2;KOULIKORO
2;KOULIKORO
2;KOULIKORO
2;KOULIKORO
2;KOULIKORO
2;KOULIKORO
2;KOULIKORO
2;KOULIKORO
2;KOULIKORO
2;KOULIKORO
2;KOULIKORO
2;KOULIKORO
2;KOULIKORO
2;KOULIKORO
2;KOULIKORO
2;KOULIKORO
2;KOULIKORO
2;KOULIKORO
2;KOULIKORO
2;KOULIKORO
2;KOULIKORO
2;KOULIKORO
2;KOULIKORO
2;KOULIKORO
2;KOULIKORO
2;KOULIKORO
2;KOULIKORO
2;KOULIKORO
2;KOULIKORO
2;KOULIKORO
2;KOULIKORO
2;KOULIKORO
2;KOULIKORO
2;KOULIKORO
2;KOULIKORO
2;KOULIKORO
2;KOULIKORO
2;KOULIKORO
2;KOULIKORO
2;KOULIKORO
2;KOULIKORO
2;KOULIKORO
2;KOULIKORO
2;KOULIKORO
2;KOULIKORO
2;KOULIKORO
2;KOULIKORO
2;KOULIKORO
2;KOULIKORO
2;KOULIKORO
2;KOULIKORO
2;KOULIKORO
2;KOULIKORO
2;KOULIKORO
2;KOULIKORO
2;KOULIKORO
2;KOULIKORO
2;KOULIKORO
2;KOULIKORO
2;KOULIKORO
2;KOULIKORO
2;KOULIKORO
2;KOULIKORO
2;KOULIKORO
2;KOULIKORO
2;KOULIKORO
2;KOULIKORO
2;KOULIKORO
2;KOULIKORO
2;KOULIKORO
2;KOULIKORO
2;KOULIKORO
2;KOULIKORO
2;KOULIKORO
2;KOULIKORO
2;KOULIKORO
2;KOULIKORO
2;KOULIKORO
2;KOULIKORO
2;KOULIKORO
2;KOULIKORO
2;KOULIKORO
2;KOULIKORO
2;KOULIKORO
2;KOULIKORO
2;KOULIKORO
2;KOULIKORO
2;KOULIKORO
2;KOULIKORO
2;KOULIKORO
2;KOULIKORO
2;KOULIKORO
2;KOULIKORO
2;KOULIKORO
2;KOULIKORO
2;KOULIKORO
2;KOULIKORO
2;KOULIKORO
2;KOULIKORO
2;KOULIKORO
2;KOULIKORO
2;KOULIKORO
2;KOULIKORO
2;KOULIKORO
2;KOULIKORO
2;KOULIKORO
2;KOULIKORO
2;KOULIKORO
2;KOULIKORO
2;KOULIKORO
2;KOULIKORO
2;KOULIKORO
2;KOULIKORO
2;KOULIKORO
2;KOULIKORO
2;KOULIKORO
2;KOULIKORO
2;KOULIKORO
2;KOULIKORO
2;KOULIKORO
2;KOULIKORO
2;KOULIKORO
2;KOULIKORO
2;KOULIKORO
2;KOULIKORO
2;KOULIKORO
2;KOULIKORO
2;KOULIKORO
2;KOULIKORO
2;KOULIKORO
2;KOULIKORO
2;KOULIKORO
2;KOULIKORO
2;KOULIKORO
2;KOULIKORO
2;KOULIKORO
2;KOULIKORO
2;KOULIKORO
2;KOULIKORO
2;KOULIKORO
2;KOULIKORO
2;KOULIKORO
2;KOULIKORO
2;KOULIKORO
2;KOULIKORO
2;KOULIKORO
2;KOULIKORO
2;KOULIKORO
2;KOULIKORO
2;KOULIKORO
2;KOULIKORO
2;KOULIKORO
2;KOULIKORO
2;KOULIKORO
2;KOULIKORO
2;KOULIKORO
2;KOULIKORO
2;KOULIKORO
2;KOULIKORO
2;KOULIKORO
2;KOULIKORO
2;KOULIKORO
2;KOULIKORO
2;KOULIKORO
2;KOULIKORO
2;KOULIKORO
2;KOULIKORO
2;KOULIKORO
2;KOULIKORO
2;KOULIKORO
2;KOULIKORO
2;KOULIKORO
2;KOULIKORO
2;KOULIKORO
2;KOULIKORO
2;KOULIKORO
2;KOULIKORO
2;KOULIKORO
2;KOULIKORO
2;KOULIKORO
2;KOULIKORO
2;KOULIKORO
2;KOULIKORO
2;KOULIKORO
2;KOULIKORO
2;KOULIKORO
2;KOULIKORO
2;KOULIKORO
2;KOULIKORO
2;KOULIKORO
2;KOULIKORO
2;KOULIKORO
2;KOULIKORO
2;KOULIKORO
2;KOULIKORO
2;KOULIKORO
2;KOULIKORO
2;KOULIKORO
2;KOULIKORO
2;KOULIKORO
2;KOULIKORO
2;KOULIKORO
2;KOULIKORO
2;KOULIKORO
2;KOULIKORO
2;KOULIKORO
2;KOULIKORO
2;KOULIKORO
2;KOULIKORO
2;KOULIKORO
2;KOULIKORO
2;KOULIKORO
2;KOULIKORO
2;KOULIKORO
2;KOULIKORO
2;KOULIKORO
2;KOULIKORO
2;KOULIKORO
2;KOULIKORO
2;KOULIKORO
2;KOULIKORO
2;KOULIKORO
2;KOULIKORO
2;KOULIKORO
2;KOULIKORO
2;KOULIKORO
2;KOULIKORO
2;KOULIKORO
2;KOULIKORO
2;KOULIKORO
2;KOULIKORO
2;KOULIKORO
2;KOULIKORO
2;KOULIKORO
2;KOULIKORO
2;KOULIKORO
2;KOULIKORO
2;KOULIKORO
2;KOULIKORO
2;KOULIKORO
2;KOULIKORO
2;KOULIKORO
2;KOULIKORO
2;KOULIKORO
2;KOULIKORO
2;KOULIKORO
2;KOULIKORO
2;KOULIKORO
2;KOULIKORO
2;KOULIKORO
2;KOULIKORO
2;KOULIKORO
2;KOULIKORO
2;KOULIKORO
2;KOULIKORO
2;KOULIKORO
2;KOULIKORO
2;KOULIKORO
2;KOULIKORO
2;KOULIKORO
2;KOULIKORO
2;KOULIKORO
2;KOULIKORO
2;KOULIKORO
2;KOULIKORO
2;KOULIKORO
2;KOULIKORO
2;KOULIKORO
2;KOULIKORO
2;KOULIKORO
2;KOULIKORO
2;KOULIKORO
2;KOULIKORO
2;KOULIKORO
2;KOULIKORO
2;KOULIKORO
2;KOULIKORO
2;KOULIKORO
2;KOULIKORO
2;KOULIKORO
2;KOULIKORO
2;KOULIKORO
2;KOULIKORO
2;KOULIKORO
2;KOULIKORO
2;KOULIKORO
2;KOULIKORO
2;KOULIKORO
2;KOULIKORO
2;KOULIKORO
2;KOULIKORO
2;KOULIKORO
2;KOULIKORO
2;KOULIKORO
2;KOULIKORO
2;KOULIKORO
2;KOULIKORO
2;KOULIKORO
2;KOULIKORO
2;KOULIKORO
2;KOULIKORO
2;KOULIKORO
2;KOULIKORO
2;KOULIKORO
2;KOULIKORO
2;KOULIKORO
2;KOULIKORO
2;KOULIKORO
2;KOULIKORO
2;KOULIKORO
2;KOULIKORO
2;KOULIKORO
2;KOULIKORO
2;KOULIKORO
2;KOULIKORO
2;KOULIKORO
2;KOULIKORO
2;KOULIKORO
2;KOULIKORO
2;KOULIKORO
2;KOULIKORO
2;KOULIKORO
2;KOULIKORO
2;KOULIKORO
2;KOULIKORO
2;KOULIKORO
2;KOULIKORO
2;KOULIKORO
2;KOULIKORO
2;KOULIKORO
2;KOULIKORO
2;KOULIKORO
2;KOULIKORO
2;KOULIKORO
2;KOULIKORO
2;KOULIKORO
2;KOULIKORO
2;KOULIKORO
2;KOULIKORO
2;KOULIKORO
2;KOULIKORO
2;KOULIKORO
2;KOULIKORO
2;KOULIKORO
2;KOULIKORO
2;KOULIKORO
2;KOULIKORO
2;KOULIKORO
2;KOULIKORO
2;KOULIKORO
2;KOULIKORO
2;KOULIKORO
2;KOULIKORO
2;KOULIKORO
2;KOULIKORO
2;KOULIKORO
2;KOULIKORO
2;KOULIKORO
2;KOULIKORO
2;KOULIKORO
2;KOULIKORO
2;KOULIKORO
2;KOULIKORO
2;KOULIKORO
2;KOULIKORO
2;KOULIKORO
2;KOULIKORO
2;KOULIKORO
2;KOULIKORO
2;KOULIKORO
2;KOULIKORO
2;KOULIKORO
2;KOULIKORO
2;KOULIKORO
2;KOULIKORO
2;KOULIKORO
2;KOULIKORO
2;KOULIKORO
2;KOULIKORO
2;KOULIKORO
2;KOULIKORO
2;KOULIKORO
2;KOULIKORO
2;KOULIKORO
2;KOULIKORO
2;KOULIKORO
2;KOULIKORO
2;KOULIKORO
2;KOULIKORO
2;KOULIKORO
2;KOULIKORO
2;KOULIKORO
2;KOULIKORO
2;KOULIKORO
2;KOULIKORO
2;KOULIKORO
2;KOULIKORO
2;KOULIKORO
2;KOULIKORO
2;KOULIKORO
2;KOULIKORO
2;KOULIKORO
2;KOULIKORO
2;KOULIKORO
2;KOULIKORO
2;KOULIKORO
2;KOULIKORO
2;KOULIKORO
2;KOULIKORO
2;KOULIKORO
2;KOULIKORO
2;KOULIKORO
2;KOULIKORO
2;KOULIKORO
2;KOULIKORO
2;KOULIKORO
2;KOULIKORO
2;KOULIKORO
2;KOULIKORO
2;KOULIKORO
2;KOULIKORO
2;KOULIKORO
2;KOULIKORO
2;KOULIKORO
2;KOULIKORO
2;KOULIKORO
2;KOULIKORO
2;KOULIKORO
2;KOULIKORO
2;KOULIKORO
2;KOULIKORO
2;KOULIKORO
2;KOULIKORO
2;KOULIKORO
2;KOULIKORO
2;KOULIKORO
2;KOULIKORO
2;KOULIKORO
2;KOULIKORO
2;KOULIKORO
2;KOULIKORO
2;KOULIKORO
2;KOULIKORO
2;KOULIKORO
2;KOULIKORO
2;KOULIKORO
2;KOULIKORO
2;KOULIKORO
2;KOULIKORO
2;KOULIKORO
2;KOULIKORO
2;KOULIKORO
2;KOULIKORO
2;KOULIKORO
2;KOULIKORO
2;KOULIKORO
2;KOULIKORO
2;KOULIKORO
2;KOULIKORO
2;KOULIKORO
2;KOULIKORO
2;KOULIKORO
2;KOULIKORO
2;KOULIKORO
2;KOULIKORO
2;KOULIKORO
2;KOULIKORO
2;KOULIKORO
2;KOULIKORO
2;KOULIKORO
2;KOULIKORO
2;KOULIKORO
2;KOULIKORO
2;KOULIKORO
2;KOULIKORO
2;KOULIKORO
2;KOULIKORO
2;KOULIKORO
2;KOULIKORO
2;KOULIKORO
2;KOULIKORO
2;KOULIKORO
2;KOULIKORO
2;KOULIKORO
2;KOULIKORO
2;KOULIKORO
2;KOULIKORO
2;KOULIKORO
2;KOULIKORO
2;KOULIKORO
2;KOULIKORO
2;KOULIKORO
2;KOULIKORO
2;KOULIKORO
2;KOULIKORO
2;KOULIKORO
2;KOULIKORO
2;KOULIKORO
2;KOULIKORO
2;KOULIKORO
2;KOULIKORO
2;KOULIKORO
2;KOULIKORO
2;KOULIKORO
2;KOULIKORO
2;KOULIKORO
2;KOULIKORO
2;KOULIKORO
2;KOULIKORO
2;KOULIKORO
2;KOULIKORO
2;KOULIKORO
2;KOULIKORO
2;KOULIKORO
2;KOULIKORO
2;KOULIKORO
2;KOULIKORO
2;KOULIKORO
2;KOULIKORO
2;KOULIKORO
2;KOULIKORO
2;KOULIKORO
2;KOULIKORO
2;KOULIKORO
2;KOULIKORO
2;KOULIKORO
2;KOULIKORO
2;KOULIKORO
2;KOULIKORO
2;KOULIKORO
2;KOULIKORO
2;KOULIKORO
2;KOULIKORO
2;KOULIKORO
2;KOULIKORO
2;KOULIKORO
2;KOULIKORO
2;KOULIKORO
2;KOULIKORO
2;KOULIKORO
2;KOULIKORO
2;KOULIKORO
2;KOULIKORO
2;KOULIKORO
2;KOULIKORO
2;KOULIKORO
2;KOULIKORO
2;KOULIKORO
2;KOULIKORO
2;KOULIKORO
2;KOULIKORO
2;KOULIKORO
2;KOULIKORO
2;KOULIKORO
2;KOULIKORO
2;KOULIKORO
2;KOULIKORO
2;KOULIKORO
2;KOULIKORO
2;KOULIKORO
2;KOULIKORO
2;KOULIKORO
2;KOULIKORO
2;KOULIKORO
2;KOULIKORO
2;KOULIKORO
2;KOULIKORO
2;KOULIKORO
2;KOULIKORO
2;KOULIKORO
3;SIKASSO
3;SIKASSO
3;SIKASSO
3;SIKASSO
3;SIKASSO
3;SIKASSO
3;SIKASSO
3;SIKASSO
3;SIKASSO
3;SIKASSO
3;SIKASSO
3;SIKASSO
3;SIKASSO
3;SIKASSO
3;SIKASSO
3;SIKASSO
3;SIKASSO
3;SIKASSO
3;SIKASSO
3;SIKASSO
3;SIKASSO
3;SIKASSO
3;SIKASSO
3;SIKASSO
3;SIKASSO
3;SIKASSO
3;SIKASSO
3;SIKASSO
3;SIKASSO
3;SIKASSO
3;SIKASSO
3;SIKASSO
3;SIKASSO
3;SIKASSO
3;SIKASSO
3;SIKASSO
3;SIKASSO
3;SIKASSO
3;SIKASSO
3;SIKASSO
3;SIKASSO
3;SIKASSO
3;SIKASSO
3;SIKASSO
3;SIKASSO
3;SIKASSO
3;SIKASSO
3;SIKASSO
3;SIKASSO
3;SIKASSO
3;SIKASSO
3;SIKASSO
3;SIKASSO
3;SIKASSO
3;SIKASSO
3;SIKASSO
3;SIKASSO
3;SIKASSO
3;SIKASSO
3;SIKASSO
3;SIKASSO
3;SIKASSO
3;SIKASSO
3;SIKASSO
3;SIKASSO
3;SIKASSO
3;SIKASSO
3;SIKASSO
3;SIKASSO
3;SIKASSO
3;SIKASSO
3;SIKASSO
3;SIKASSO
3;SIKASSO
3;SIKASSO
3;SIKASSO
3;SIKASSO
3;SIKASSO
3;SIKASSO
3;SIKASSO
3;SIKASSO
3;SIKASSO
3;SIKASSO
3;SIKASSO
3;SIKASSO
3;SIKASSO
3;SIKASSO
3;SIKASSO
3;SIKASSO
3;SIKASSO
3;SIKASSO
3;SIKASSO
3;SIKASSO
3;SIKASSO
3;SIKASSO
3;SIKASSO
3;SIKASSO
3;SIKASSO
3;SIKASSO
3;SIKASSO
3;SIKASSO
3;SIKASSO
3;SIKASSO
3;SIKASSO
3;SIKASSO
3;SIKASSO
3;SIKASSO
3;SIKASSO
3;SIKASSO
3;SIKASSO
3;SIKASSO
3;SIKASSO
3;SIKASSO
3;SIKASSO
3;SIKASSO
3;SIKASSO
3;SIKASSO
3;SIKASSO
3;SIKASSO
3;SIKASSO
3;SIKASSO
3;SIKASSO
3;SIKASSO
3;SIKASSO
3;SIKASSO
3;SIKASSO
3;SIKASSO
3;SIKASSO
3;SIKASSO
3;SIKASSO
3;SIKASSO
3;SIKASSO
3;SIKASSO
3;SIKASSO
3;SIKASSO
3;SIKASSO
3;SIKASSO
3;SIKASSO
3;SIKASSO
3;SIKASSO
3;SIKASSO
3;SIKASSO
3;SIKASSO
3;SIKASSO
3;SIKASSO
3;SIKASSO
3;SIKASSO
3;SIKASSO
3;SIKASSO
3;SIKASSO
3;SIKASSO
3;SIKASSO
3;SIKASSO
3;SIKASSO
3;SIKASSO
3;SIKASSO
3;SIKASSO
3;SIKASSO
3;SIKASSO
3;SIKASSO
3;SIKASSO
3;SIKASSO
3;SIKASSO
3;SIKASSO
3;SIKASSO
3;SIKASSO
3;SIKASSO
3;SIKASSO
3;SIKASSO
3;SIKASSO
3;SIKASSO
3;SIKASSO
3;SIKASSO
3;SIKASSO
3;SIKASSO
3;SIKASSO
3;SIKASSO
3;SIKASSO
3;SIKASSO
3;SIKASSO
3;SIKASSO
3;SIKASSO
3;SIKASSO
3;SIKASSO
3;SIKASSO
3;SIKASSO
3;SIKASSO
3;SIKASSO
3;SIKASSO
3;SIKASSO
3;SIKASSO
3;SIKASSO
3;SIKASSO
3;SIKASSO
3;SIKASSO
3;SIKASSO
3;SIKASSO
3;SIKASSO
3;SIKASSO
3;SIKASSO
3;SIKASSO
3;SIKASSO
3;SIKASSO
3;SIKASSO
3;SIKASSO
3;SIKASSO
3;SIKASSO
3;SIKASSO
3;SIKASSO
3;SIKASSO
3;SIKASSO
3;SIKASSO
3;SIKASSO
3;SIKASSO
3;SIKASSO
3;SIKASSO
3;SIKASSO
3;SIKASSO
3;SIKASSO
3;SIKASSO
3;SIKASSO
3;SIKASSO
3;SIKASSO
3;SIKASSO
3;SIKASSO
3;SIKASSO
3;SIKASSO
3;SIKASSO
3;SIKASSO
3;SIKASSO
3;SIKASSO
3;SIKASSO
3;SIKASSO
3;SIKASSO
3;SIKASSO
3;SIKASSO
3;SIKASSO
3;SIKASSO
3;SIKASSO
3;SIKASSO
3;SIKASSO
3;SIKASSO
3;SIKASSO
3;SIKASSO
3;SIKASSO
3;SIKASSO
3;SIKASSO
3;SIKASSO
3;SIKASSO
3;SIKASSO
3;SIKASSO
3;SIKASSO
3;SIKASSO
3;SIKASSO
3;SIKASSO
3;SIKASSO
3;SIKASSO
3;SIKASSO
3;SIKASSO
3;SIKASSO
3;SIKASSO
3;SIKASSO
3;SIKASSO
3;SIKASSO
3;SIKASSO
3;SIKASSO
3;SIKASSO
3;SIKASSO
3;SIKASSO
3;SIKASSO
3;SIKASSO
3;SIKASSO
3;SIKASSO
3;SIKASSO
3;SIKASSO
3;SIKASSO
3;SIKASSO
3;SIKASSO
3;SIKASSO
3;SIKASSO
3;SIKASSO
3;SIKASSO
3;SIKASSO
3;SIKASSO
3;SIKASSO
3;SIKASSO
3;SIKASSO
3;SIKASSO
3;SIKASSO
3;SIKASSO
3;SIKASSO
3;SIKASSO
3;SIKASSO
3;SIKASSO
3;SIKASSO
3;SIKASSO
3;SIKASSO
3;SIKASSO
3;SIKASSO
3;SIKASSO
3;SIKASSO
3;SIKASSO
3;SIKASSO
3;SIKASSO
3;SIKASSO
3;SIKASSO
3;SIKASSO
3;SIKASSO
3;SIKASSO
3;SIKASSO
3;SIKASSO
3;SIKASSO
3;SIKASSO
3;SIKASSO
3;SIKASSO
3;SIKASSO
3;SIKASSO
3;SIKASSO
3;SIKASSO
3;SIKASSO
3;SIKASSO
3;SIKASSO
3;SIKASSO
3;SIKASSO
3;SIKASSO
3;SIKASSO
3;SIKASSO
3;SIKASSO
3;SIKASSO
3;SIKASSO
3;SIKASSO
3;SIKASSO
3;SIKASSO
3;SIKASSO
3;SIKASSO
3;SIKASSO
3;SIKASSO
3;SIKASSO
3;SIKASSO
3;SIKASSO
3;SIKASSO
3;SIKASSO
3;SIKASSO
3;SIKASSO
3;SIKASSO
3;SIKASSO
3;SIKASSO
3;SIKASSO
3;SIKASSO
3;SIKASSO
3;SIKASSO
3;SIKASSO
3;SIKASSO
3;SIKASSO
3;SIKASSO
3;SIKASSO
3;SIKASSO
3;SIKASSO
3;SIKASSO
3;SIKASSO
3;SIKASSO
3;SIKASSO
3;SIKASSO
3;SIKASSO
3;SIKASSO
3;SIKASSO
3;SIKASSO
3;SIKASSO
3;SIKASSO
3;SIKASSO
3;SIKASSO
3;SIKASSO
3;SIKASSO
3;SIKASSO
3;SIKASSO
3;SIKASSO
3;SIKASSO
3;SIKASSO
3;SIKASSO
3;SIKASSO
3;SIKASSO
3;SIKASSO
3;SIKASSO
3;SIKASSO
3;SIKASSO
3;SIKASSO
3;SIKASSO
3;SIKASSO
3;SIKASSO
3;SIKASSO
3;SIKASSO
3;SIKASSO
3;SIKASSO
3;SIKASSO
3;SIKASSO
3;SIKASSO
3;SIKASSO
3;SIKASSO
3;SIKASSO
3;SIKASSO
3;SIKASSO
3;SIKASSO
3;SIKASSO
3;SIKASSO
3;SIKASSO
3;SIKASSO
3;SIKASSO
3;SIKASSO
3;SIKASSO
3;SIKASSO
3;SIKASSO
3;SIKASSO
3;SIKASSO
3;SIKASSO
3;SIKASSO
3;SIKASSO
3;SIKASSO
3;SIKASSO
3;SIKASSO
3;SIKASSO
3;SIKASSO
3;SIKASSO
3;SIKASSO
3;SIKASSO
3;SIKASSO
3;SIKASSO
3;SIKASSO
3;SIKASSO
3;SIKASSO
3;SIKASSO
3;SIKASSO
3;SIKASSO
3;SIKASSO
3;SIKASSO
3;SIKASSO
3;SIKASSO
3;SIKASSO
3;SIKASSO
3;SIKASSO
3;SIKASSO
3;SIKASSO
3;SIKASSO
3;SIKASSO
3;SIKASSO
3;SIKASSO
3;SIKASSO
3;SIKASSO
3;SIKASSO
3;SIKASSO
3;SIKASSO
3;SIKASSO
3;SIKASSO
3;SIKASSO
3;SIKASSO
3;SIKASSO
3;SIKASSO
3;SIKASSO
3;SIKASSO
3;SIKASSO
3;SIKASSO
3;SIKASSO
3;SIKASSO
3;SIKASSO
3;SIKASSO
3;SIKASSO
3;SIKASSO
3;SIKASSO
3;SIKASSO
3;SIKASSO
3;SIKASSO
3;SIKASSO
3;SIKASSO
3;SIKASSO
3;SIKASSO
3;SIKASSO
3;SIKASSO
3;SIKASSO
3;SIKASSO
3;SIKASSO
3;SIKASSO
3;SIKASSO
3;SIKASSO
3;SIKASSO
3;SIKASSO
3;SIKASSO
3;SIKASSO
3;SIKASSO
3;SIKASSO
3;SIKASSO
3;SIKASSO
3;SIKASSO
3;SIKASSO
3;SIKASSO
3;SIKASSO
3;SIKASSO
3;SIKASSO
3;SIKASSO
3;SIKASSO
3;SIKASSO
3;SIKASSO
3;SIKASSO
3;SIKASSO
3;SIKASSO
3;SIKASSO
3;SIKASSO
3;SIKASSO
3;SIKASSO
3;SIKASSO
3;SIKASSO
3;SIKASSO
3;SIKASSO
3;SIKASSO
3;SIKASSO
3;SIKASSO
3;SIKASSO
3;SIKASSO
3;SIKASSO
3;SIKASSO
3;SIKASSO
3;SIKASSO
3;SIKASSO
3;SIKASSO
3;SIKASSO
3;SIKASSO
3;SIKASSO
3;SIKASSO
3;SIKASSO
3;SIKASSO
3;SIKASSO
3;SIKASSO
3;SIKASSO
3;SIKASSO
3;SIKASSO
3;SIKASSO
3;SIKASSO
3;SIKASSO
3;SIKASSO
3;SIKASSO
3;SIKASSO
3;SIKASSO
3;SIKASSO
3;SIKASSO
3;SIKASSO
3;SIKASSO
3;SIKASSO
3;SIKASSO
3;SIKASSO
3;SIKASSO
3;SIKASSO
3;SIKASSO
3;SIKASSO
3;SIKASSO
3;SIKASSO
3;SIKASSO
3;SIKASSO
3;SIKASSO
3;SIKASSO
3;SIKASSO
3;SIKASSO
3;SIKASSO
3;SIKASSO
3;SIKASSO
3;SIKASSO
3;SIKASSO
3;SIKASSO
3;SIKASSO
3;SIKASSO
3;SIKASSO
3;SIKASSO
3;SIKASSO
3;SIKASSO
3;SIKASSO
3;SIKASSO
3;SIKASSO
3;SIKASSO
3;SIKASSO
3;SIKASSO
3;SIKASSO
3;SIKASSO
3;SIKASSO
3;SIKASSO
3;SIKASSO
3;SIKASSO
3;SIKASSO
3;SIKASSO
3;SIKASSO
3;SIKASSO
3;SIKASSO
3;SIKASSO
3;SIKASSO
3;SIKASSO
3;SIKASSO
3;SIKASSO
3;SIKASSO
3;SIKASSO
3;SIKASSO
3;SIKASSO
3;SIKASSO
3;SIKASSO
3;SIKASSO
3;SIKASSO
3;SIKASSO
3;SIKASSO
3;SIKASSO
3;SIKASSO
3;SIKASSO
3;SIKASSO
3;SIKASSO
3;SIKASSO
3;SIKASSO
3;SIKASSO
3;SIKASSO
3;SIKASSO
3;SIKASSO
3;SIKASSO
3;SIKASSO
3;SIKASSO
3;SIKASSO
3;SIKASSO
3;SIKASSO
3;SIKASSO
3;SIKASSO
3;SIKASSO
3;SIKASSO
3;SIKASSO
3;SIKASSO
3;SIKASSO
3;SIKASSO
3;SIKASSO
3;SIKASSO
3;SIKASSO
3;SIKASSO
3;SIKASSO
3;SIKASSO
3;SIKASSO
3;SIKASSO
3;SIKASSO
3;SIKASSO
3;SIKASSO
3;SIKASSO
3;SIKASSO
3;SIKASSO
3;SIKASSO
3;SIKASSO
3;SIKASSO
3;SIKASSO
3;SIKASSO
3;SIKASSO
3;SIKASSO
3;SIKASSO
3;SIKASSO
3;SIKASSO
3;SIKASSO
3;SIKASSO
3;SIKASSO
3;SIKASSO
3;SIKASSO
3;SIKASSO
3;SIKASSO
3;SIKASSO
3;SIKASSO
3;SIKASSO
3;SIKASSO
3;SIKASSO
3;SIKASSO
3;SIKASSO
3;SIKASSO
3;SIKASSO
3;SIKASSO
3;SIKASSO
3;SIKASSO
3;SIKASSO
3;SIKASSO
3;SIKASSO
3;SIKASSO
3;SIKASSO
3;SIKASSO
3;SIKASSO
3;SIKASSO
3;SIKASSO
3;SIKASSO
3;SIKASSO
3;SIKASSO
3;SIKASSO
3;SIKASSO
3;SIKASSO
3;SIKASSO
3;SIKASSO
3;SIKASSO
3;SIKASSO
3;SIKASSO
3;SIKASSO
3;SIKASSO
3;SIKASSO
3;SIKASSO
3;SIKASSO
3;SIKASSO
3;SIKASSO
3;SIKASSO
3;SIKASSO
3;SIKASSO
3;SIKASSO
3;SIKASSO
3;SIKASSO
3;SIKASSO
3;SIKASSO
3;SIKASSO
3;SIKASSO
3;SIKASSO
3;SIKASSO
3;SIKASSO
3;SIKASSO
3;SIKASSO
3;SIKASSO
3;SIKASSO
3;SIKASSO
3;SIKASSO
3;SIKASSO
3;SIKASSO
3;SIKASSO
3;SIKASSO
3;SIKASSO
3;SIKASSO
3;SIKASSO
3;SIKASSO
3;SIKASSO
3;SIKASSO
3;SIKASSO
3;SIKASSO
3;SIKASSO
3;SIKASSO
3;SIKASSO
3;SIKASSO
3;SIKASSO
3;SIKASSO
3;SIKASSO
3;SIKASSO
3;SIKASSO
3;SIKASSO
3;SIKASSO
3;SIKASSO
3;SIKASSO
3;SIKASSO
3;SIKASSO
3;SIKASSO
3;SIKASSO
3;SIKASSO
3;SIKASSO
3;SIKASSO
3;SIKASSO
3;SIKASSO
3;SIKASSO
3;SIKASSO
3;SIKASSO
3;SIKASSO
3;SIKASSO
3;SIKASSO
3;SIKASSO
3;SIKASSO
3;SIKASSO
3;SIKASSO
3;SIKASSO
3;SIKASSO
3;SIKASSO
3;SIKASSO
3;SIKASSO
3;SIKASSO
3;SIKASSO
3;SIKASSO
3;SIKASSO
3;SIKASSO
3;SIKASSO
3;SIKASSO
3;SIKASSO
3;SIKASSO
3;SIKASSO
3;SIKASSO
3;SIKASSO
3;SIKASSO
3;SIKASSO
3;SIKASSO
3;SIKASSO
3;SIKASSO
3;SIKASSO
3;SIKASSO
3;SIKASSO
3;SIKASSO
3;SIKASSO
3;SIKASSO
3;SIKASSO
3;SIKASSO
3;SIKASSO
3;SIKASSO
3;SIKASSO
3;SIKASSO
3;SIKASSO
3;SIKASSO
3;SIKASSO
3;SIKASSO
3;SIKASSO
3;SIKASSO
3;SIKASSO
3;SIKASSO
3;SIKASSO
3;SIKASSO
3;SIKASSO
3;SIKASSO
3;SIKASSO
3;SIKASSO
3;SIKASSO
3;SIKASSO
3;SIKASSO
3;SIKASSO
3;SIKASSO
3;SIKASSO
3;SIKASSO
3;SIKASSO
3;SIKASSO
3;SIKASSO
3;SIKASSO
3;SIKASSO
3;SIKASSO
3;SIKASSO
3;SIKASSO
3;SIKASSO
3;SIKASSO
3;SIKASSO
3;SIKASSO
3;SIKASSO
3;SIKASSO
3;SIKASSO
3;SIKASSO
3;SIKASSO
3;SIKASSO
3;SIKASSO
3;SIKASSO
3;SIKASSO
3;SIKASSO
3;SIKASSO
3;SIKASSO
3;SIKASSO
3;SIKASSO
3;SIKASSO
3;SIKASSO
3;SIKASSO
3;SIKASSO
3;SIKASSO
3;SIKASSO
3;SIKASSO
3;SIKASSO
3;SIKASSO
3;SIKASSO
3;SIKASSO
3;SIKASSO
3;SIKASSO
3;SIKASSO
3;SIKASSO
3;SIKASSO
3;SIKASSO
3;SIKASSO
3;SIKASSO
3;SIKASSO
3;SIKASSO
3;SIKASSO
3;SIKASSO
3;SIKASSO
3;SIKASSO
3;SIKASSO
3;SIKASSO
3;SIKASSO
3;SIKASSO
3;SIKASSO
3;SIKASSO
3;SIKASSO
3;SIKASSO
3;SIKASSO
3;SIKASSO
3;SIKASSO
3;SIKASSO
3;SIKASSO
3;SIKASSO
3;SIKASSO
3;SIKASSO
3;SIKASSO
3;SIKASSO
3;SIKASSO
3;SIKASSO
3;SIKASSO
3;SIKASSO
3;SIKASSO
3;SIKASSO
3;SIKASSO
3;SIKASSO
3;SIKASSO
3;SIKASSO
3;SIKASSO
3;SIKASSO
3;SIKASSO
3;SIKASSO
3;SIKASSO
3;SIKASSO
3;SIKASSO
3;SIKASSO
3;SIKASSO
3;SIKASSO
3;SIKASSO
3;SIKASSO
3;SIKASSO
3;SIKASSO
3;SIKASSO
3;SIKASSO
3;SIKASSO
3;SIKASSO
3;SIKASSO
3;SIKASSO
3;SIKASSO
3;SIKASSO
3;SIKASSO
3;SIKASSO
3;SIKASSO
3;SIKASSO
3;SIKASSO
3;SIKASSO
3;SIKASSO
3;SIKASSO
3;SIKASSO
3;SIKASSO
3;SIKASSO
3;SIKASSO
3;SIKASSO
3;SIKASSO
3;SIKASSO
3;SIKASSO
3;SIKASSO
3;SIKASSO
3;SIKASSO
3;SIKASSO
3;SIKASSO
3;SIKASSO
3;SIKASSO
3;SIKASSO
3;SIKASSO
3;SIKASSO
3;SIKASSO
3;SIKASSO
3;SIKASSO
3;SIKASSO
3;SIKASSO
3;SIKASSO
3;SIKASSO
3;SIKASSO
3;SIKASSO
3;SIKASSO
3;SIKASSO
3;SIKASSO
3;SIKASSO
3;SIKASSO
3;SIKASSO
3;SIKASSO
3;SIKASSO
3;SIKASSO
3;SIKASSO
3;SIKASSO
3;SIKASSO
3;SIKASSO
3;SIKASSO
3;SIKASSO
3;SIKASSO
3;SIKASSO
3;SIKASSO
3;SIKASSO
3;SIKASSO
3;SIKASSO
3;SIKASSO
3;SIKASSO
3;SIKASSO
3;SIKASSO
3;SIKASSO
3;SIKASSO
3;SIKASSO
3;SIKASSO
3;SIKASSO
3;SIKASSO
3;SIKASSO
3;SIKASSO
3;SIKASSO
3;SIKASSO
3;SIKASSO
3;SIKASSO
3;SIKASSO
3;SIKASSO
3;SIKASSO
3;SIKASSO
3;SIKASSO
3;SIKASSO
3;SIKASSO
3;SIKASSO
3;SIKASSO
3;SIKASSO
3;SIKASSO
3;SIKASSO
3;SIKASSO
3;SIKASSO
3;SIKASSO
3;SIKASSO
3;SIKASSO
3;SIKASSO
3;SIKASSO
3;SIKASSO
3;SIKASSO
3;SIKASSO
3;SIKASSO
3;SIKASSO
3;SIKASSO
3;SIKASSO
3;SIKASSO
3;SIKASSO
3;SIKASSO
3;SIKASSO
3;SIKASSO
3;SIKASSO
3;SIKASSO
3;SIKASSO
3;SIKASSO
3;SIKASSO
3;SIKASSO
3;SIKASSO
3;SIKASSO
3;SIKASSO
3;SIKASSO
3;SIKASSO
3;SIKASSO
3;SIKASSO
3;SIKASSO
3;SIKASSO
3;SIKASSO
3;SIKASSO
3;SIKASSO
3;SIKASSO
3;SIKASSO
3;SIKASSO
3;SIKASSO
3;SIKASSO
3;SIKASSO
3;SIKASSO
3;SIKASSO
3;SIKASSO
3;SIKASSO
3;SIKASSO
3;SIKASSO
3;SIKASSO
3;SIKASSO
3;SIKASSO
3;SIKASSO
3;SIKASSO
3;SIKASSO
3;SIKASSO
3;SIKASSO
3;SIKASSO
3;SIKASSO
3;SIKASSO
3;SIKASSO
3;SIKASSO
3;SIKASSO
3;SIKASSO
3;SIKASSO
3;SIKASSO
3;SIKASSO
3;SIKASSO
3;SIKASSO
3;SIKASSO
3;SIKASSO
3;SIKASSO
3;SIKASSO
3;SIKASSO
3;SIKASSO
3;SIKASSO
3;SIKASSO
3;SIKASSO
3;SIKASSO
3;SIKASSO
3;SIKASSO
3;SIKASSO
3;SIKASSO
3;SIKASSO
3;SIKASSO
3;SIKASSO
3;SIKASSO
3;SIKASSO
3;SIKASSO
3;SIKASSO
3;SIKASSO
3;SIKASSO
3;SIKASSO
3;SIKASSO
3;SIKASSO
3;SIKASSO
3;SIKASSO
3;SIKASSO
3;SIKASSO
3;SIKASSO
3;SIKASSO
3;SIKASSO
3;SIKASSO
3;SIKASSO
3;SIKASSO
3;SIKASSO
3;SIKASSO
3;SIKASSO
3;SIKASSO
3;SIKASSO
3;SIKASSO
3;SIKASSO
3;SIKASSO
3;SIKASSO
3;SIKASSO
3;SIKASSO
3;SIKASSO
3;SIKASSO
3;SIKASSO
3;SIKASSO
3;SIKASSO
3;SIKASSO
3;SIKASSO
3;SIKASSO
3;SIKASSO
3;SIKASSO
3;SIKASSO
3;SIKASSO
3;SIKASSO
3;SIKASSO
3;SIKASSO
3;SIKASSO
3;SIKASSO
3;SIKASSO
3;SIKASSO
3;SIKASSO
3;SIKASSO
3;SIKASSO
3;SIKASSO
3;SIKASSO
3;SIKASSO
3;SIKASSO
3;SIKASSO
3;SIKASSO
3;SIKASSO
3;SIKASSO
3;SIKASSO
3;SIKASSO
3;SIKASSO
3;SIKASSO
3;SIKASSO
3;SIKASSO
3;SIKASSO
3;SIKASSO
3;SIKASSO
3;SIKASSO
3;SIKASSO
3;SIKASSO
3;SIKASSO
3;SIKASSO
3;SIKASSO
3;SIKASSO
3;SIKASSO
3;SIKASSO
3;SIKASSO
3;SIKASSO
3;SIKASSO
3;SIKASSO
3;SIKASSO
3;SIKASSO
3;SIKASSO
3;SIKASSO
3;SIKASSO
3;SIKASSO
3;SIKASSO
3;SIKASSO
3;SIKASSO
3;SIKASSO
3;SIKASSO
3;SIKASSO
3;SIKASSO
3;SIKASSO
3;SIKASSO
3;SIKASSO
3;SIKASSO
3;SIKASSO
3;SIKASSO
3;SIKASSO
3;SIKASSO
3;SIKASSO
3;SIKASSO
3;SIKASSO
3;SIKASSO
3;SIKASSO
3;SIKASSO
3;SIKASSO
3;SIKASSO
3;SIKASSO
3;SIKASSO
3;SIKASSO
3;SIKASSO
3;SIKASSO
3;SIKASSO
3;SIKASSO
3;SIKASSO
3;SIKASSO
3;SIKASSO
3;SIKASSO
3;SIKASSO
3;SIKASSO
3;SIKASSO
3;SIKASSO
3;SIKASSO
3;SIKASSO
3;SIKASSO
3;SIKASSO
3;SIKASSO
3;SIKASSO
3;SIKASSO
3;SIKASSO
3;SIKASSO
3;SIKASSO
3;SIKASSO
3;SIKASSO
3;SIKASSO
3;SIKASSO
3;SIKASSO
3;SIKASSO
3;SIKASSO
3;SIKASSO
3;SIKASSO
3;SIKASSO
3;SIKASSO
3;SIKASSO
3;SIKASSO
3;SIKASSO
3;SIKASSO
3;SIKASSO
3;SIKASSO
3;SIKASSO
3;SIKASSO
3;SIKASSO
3;SIKASSO
3;SIKASSO
3;SIKASSO
3;SIKASSO
3;SIKASSO
3;SIKASSO
3;SIKASSO
3;SIKASSO
3;SIKASSO
3;SIKASSO
3;SIKASSO
3;SIKASSO
3;SIKASSO
3;SIKASSO
3;SIKASSO
3;SIKASSO
3;SIKASSO
3;SIKASSO
3;SIKASSO
3;SIKASSO
3;SIKASSO
3;SIKASSO
3;SIKASSO
3;SIKASSO
3;SIKASSO
3;SIKASSO
3;SIKASSO
3;SIKASSO
3;SIKASSO
3;SIKASSO
3;SIKASSO
3;SIKASSO
3;SIKASSO
3;SIKASSO
3;SIKASSO
3;SIKASSO
3;SIKASSO
3;SIKASSO
3;SIKASSO
3;SIKASSO
3;SIKASSO
3;SIKASSO
3;SIKASSO
3;SIKASSO
3;SIKASSO
3;SIKASSO
3;SIKASSO
3;SIKASSO
3;SIKASSO
3;SIKASSO
3;SIKASSO
3;SIKASSO
3;SIKASSO
3;SIKASSO
3;SIKASSO
3;SIKASSO
3;SIKASSO
3;SIKASSO
3;SIKASSO
3;SIKASSO
3;SIKASSO
3;SIKASSO
3;SIKASSO
3;SIKASSO
3;SIKASSO
3;SIKASSO
3;SIKASSO
3;SIKASSO
3;SIKASSO
3;SIKASSO
3;SIKASSO
3;SIKASSO
3;SIKASSO
3;SIKASSO
3;SIKASSO
3;SIKASSO
3;SIKASSO
3;SIKASSO
3;SIKASSO
3;SIKASSO
3;SIKASSO
3;SIKASSO
3;SIKASSO
3;SIKASSO
3;SIKASSO
3;SIKASSO
3;SIKASSO
3;SIKASSO
3;SIKASSO
3;SIKASSO
3;SIKASSO
3;SIKASSO
3;SIKASSO
3;SIKASSO
3;SIKASSO
3;SIKASSO
3;SIKASSO
3;SIKASSO
3;SIKASSO
3;SIKASSO
3;SIKASSO
3;SIKASSO
3;SIKASSO
3;SIKASSO
3;SIKASSO
3;SIKASSO
3;SIKASSO
3;SIKASSO
3;SIKASSO
3;SIKASSO
3;SIKASSO
3;SIKASSO
3;SIKASSO
3;SIKASSO
3;SIKASSO
3;SIKASSO
3;SIKASSO
3;SIKASSO
3;SIKASSO
3;SIKASSO
3;SIKASSO
3;SIKASSO
3;SIKASSO
3;SIKASSO
3;SIKASSO
3;SIKASSO
3;SIKASSO
3;SIKASSO
3;SIKASSO
3;SIKASSO
3;SIKASSO
3;SIKASSO
3;SIKASSO
3;SIKASSO
3;SIKASSO
3;SIKASSO
3;SIKASSO
3;SIKASSO
3;SIKASSO
3;SIKASSO
3;SIKASSO
3;SIKASSO
3;SIKASSO
3;SIKASSO
3;SIKASSO
3;SIKASSO
3;SIKASSO
3;SIKASSO
3;SIKASSO
3;SIKASSO
3;SIKASSO
3;SIKASSO
3;SIKASSO
3;SIKASSO
3;SIKASSO
3;SIKASSO
3;SIKASSO
3;SIKASSO
3;SIKASSO
3;SIKASSO
3;SIKASSO
3;SIKASSO
3;SIKASSO
3;SIKASSO
3;SIKASSO
3;SIKASSO
3;SIKASSO
3;SIKASSO
3;SIKASSO
3;SIKASSO
3;SIKASSO
3;SIKASSO
3;SIKASSO
3;SIKASSO
3;SIKASSO
3;SIKASSO
3;SIKASSO
3;SIKASSO
3;SIKASSO
3;SIKASSO
3;SIKASSO
3;SIKASSO
3;SIKASSO
3;SIKASSO
3;SIKASSO
3;SIKASSO
3;SIKASSO
3;SIKASSO
3;SIKASSO
3;SIKASSO
3;SIKASSO
3;SIKASSO
3;SIKASSO
3;SIKASSO
3;SIKASSO
3;SIKASSO
3;SIKASSO
3;SIKASSO
3;SIKASSO
3;SIKASSO
3;SIKASSO
3;SIKASSO
3;SIKASSO
3;SIKASSO
3;SIKASSO
3;SIKASSO
3;SIKASSO
3;SIKASSO
3;SIKASSO
3;SIKASSO
3;SIKASSO
3;SIKASSO
3;SIKASSO
3;SIKASSO
3;SIKASSO
3;SIKASSO
3;SIKASSO
3;SIKASSO
3;SIKASSO
3;SIKASSO
3;SIKASSO
3;SIKASSO
3;SIKASSO
3;SIKASSO
3;SIKASSO
3;SIKASSO
3;SIKASSO
3;SIKASSO
3;SIKASSO
3;SIKASSO
3;SIKASSO
3;SIKASSO
3;SIKASSO
3;SIKASSO
3;SIKASSO
3;SIKASSO
3;SIKASSO
3;SIKASSO
3;SIKASSO
3;SIKASSO
3;SIKASSO
3;SIKASSO
3;SIKASSO
3;SIKASSO
3;SIKASSO
3;SIKASSO
3;SIKASSO
3;SIKASSO
3;SIKASSO
3;SIKASSO
3;SIKASSO
3;SIKASSO
3;SIKASSO
3;SIKASSO
3;SIKASSO
3;SIKASSO
3;SIKASSO
3;SIKASSO
3;SIKASSO
3;SIKASSO
3;SIKASSO
3;SIKASSO
3;SIKASSO
3;SIKASSO
3;SIKASSO
3;SIKASSO
3;SIKASSO
3;SIKASSO
3;SIKASSO
3;SIKASSO
3;SIKASSO
3;SIKASSO
3;SIKASSO
3;SIKASSO
3;SIKASSO
3;SIKASSO
3;SIKASSO
3;SIKASSO
3;SIKASSO
3;SIKASSO
3;SIKASSO
3;SIKASSO
3;SIKASSO
3;SIKASSO
3;SIKASSO
3;SIKASSO
3;SIKASSO
3;SIKASSO
3;SIKASSO
3;SIKASSO
3;SIKASSO
3;SIKASSO
3;SIKASSO
3;SIKASSO
3;SIKASSO
3;SIKASSO
3;SIKASSO
3;SIKASSO
3;SIKASSO
3;SIKASSO
3;SIKASSO
3;SIKASSO
3;SIKASSO
3;SIKASSO
3;SIKASSO
3;SIKASSO
3;SIKASSO
3;SIKASSO
3;SIKASSO
3;SIKASSO
3;SIKASSO
3;SIKASSO
3;SIKASSO
3;SIKASSO
3;SIKASSO
3;SIKASSO
3;SIKASSO
3;SIKASSO
3;SIKASSO
3;SIKASSO
3;SIKASSO
3;SIKASSO
3;SIKASSO
3;SIKASSO
3;SIKASSO
3;SIKASSO
3;SIKASSO
3;SIKASSO
3;SIKASSO
3;SIKASSO
3;SIKASSO
3;SIKASSO
3;SIKASSO
3;SIKASSO
3;SIKASSO
3;SIKASSO
3;SIKASSO
3;SIKASSO
3;SIKASSO
3;SIKASSO
3;SIKASSO
3;SIKASSO
3;SIKASSO
3;SIKASSO
3;SIKASSO
3;SIKASSO
3;SIKASSO
3;SIKASSO
3;SIKASSO
3;SIKASSO
3;SIKASSO
3;SIKASSO
3;SIKASSO
3;SIKASSO
3;SIKASSO
3;SIKASSO
3;SIKASSO
3;SIKASSO
3;SIKASSO
3;SIKASSO
3;SIKASSO
3;SIKASSO
3;SIKASSO
3;SIKASSO
3;SIKASSO
3;SIKASSO
3;SIKASSO
3;SIKASSO
3;SIKASSO
3;SIKASSO
3;SIKASSO
3;SIKASSO
3;SIKASSO
3;SIKASSO
3;SIKASSO
3;SIKASSO
3;SIKASSO
3;SIKASSO
3;SIKASSO
3;SIKASSO
3;SIKASSO
3;SIKASSO
3;SIKASSO
3;SIKASSO
3;SIKASSO
3;SIKASSO
3;SIKASSO
3;SIKASSO
3;SIKASSO
3;SIKASSO
3;SIKASSO
3;SIKASSO
3;SIKASSO
3;SIKASSO
3;SIKASSO
3;SIKASSO
3;SIKASSO
3;SIKASSO
3;SIKASSO
3;SIKASSO
3;SIKASSO
3;SIKASSO
3;SIKASSO
3;SIKASSO
3;SIKASSO
3;SIKASSO
3;SIKASSO
3;SIKASSO
3;SIKASSO
3;SIKASSO
3;SIKASSO
3;SIKASSO
3;SIKASSO
3;SIKASSO
3;SIKASSO
3;SIKASSO
3;SIKASSO
3;SIKASSO
3;SIKASSO
3;SIKASSO
3;SIKASSO
3;SIKASSO
3;SIKASSO
3;SIKASSO
3;SIKASSO
3;SIKASSO
3;SIKASSO
3;SIKASSO
3;SIKASSO
3;SIKASSO
3;SIKASSO
3;SIKASSO
3;SIKASSO
3;SIKASSO
3;SIKASSO
3;SIKASSO
3;SIKASSO
3;SIKASSO
3;SIKASSO
3;SIKASSO
3;SIKASSO
3;SIKASSO
3;SIKASSO
3;SIKASSO
3;SIKASSO
3;SIKASSO
3;SIKASSO
3;SIKASSO
3;SIKASSO
3;SIKASSO
3;SIKASSO
3;SIKASSO
3;SIKASSO
3;SIKASSO
3;SIKASSO
3;SIKASSO
3;SIKASSO
3;SIKASSO
3;SIKASSO
3;SIKASSO
3;SIKASSO
3;SIKASSO
3;SIKASSO
3;SIKASSO
3;SIKASSO
3;SIKASSO
3;SIKASSO
3;SIKASSO
3;SIKASSO
3;SIKASSO
3;SIKASSO
3;SIKASSO
3;SIKASSO
3;SIKASSO
3;SIKASSO
3;SIKASSO
3;SIKASSO
3;SIKASSO
3;SIKASSO
3;SIKASSO
3;SIKASSO
3;SIKASSO
3;SIKASSO
3;SIKASSO
3;SIKASSO
3;SIKASSO
3;SIKASSO
3;SIKASSO
3;SIKASSO
3;SIKASSO
3;SIKASSO
3;SIKASSO
3;SIKASSO
3;SIKASSO
3;SIKASSO
3;SIKASSO
3;SIKASSO
3;SIKASSO
3;SIKASSO
3;SIKASSO
3;SIKASSO
3;SIKASSO
3;SIKASSO
3;SIKASSO
3;SIKASSO
3;SIKASSO
3;SIKASSO
3;SIKASSO
3;SIKASSO
3;SIKASSO
3;SIKASSO
3;SIKASSO
3;SIKASSO
3;SIKASSO
3;SIKASSO
3;SIKASSO
3;SIKASSO
3;SIKASSO
3;SIKASSO
3;SIKASSO
3;SIKASSO
3;SIKASSO
3;SIKASSO
3;SIKASSO
3;SIKASSO
3;SIKASSO
3;SIKASSO
3;SIKASSO
3;SIKASSO
3;SIKASSO
3;SIKASSO
3;SIKASSO
3;SIKASSO
3;SIKASSO
3;SIKASSO
3;SIKASSO
3;SIKASSO
3;SIKASSO
3;SIKASSO
3;SIKASSO
3;SIKASSO
3;SIKASSO
3;SIKASSO
3;SIKASSO
3;SIKASSO
3;SIKASSO
3;SIKASSO
3;SIKASSO
3;SIKASSO
3;SIKASSO
3;SIKASSO
3;SIKASSO
3;SIKASSO
3;SIKASSO
3;SIKASSO
3;SIKASSO
3;SIKASSO
3;SIKASSO
3;SIKASSO
3;SIKASSO
3;SIKASSO
3;SIKASSO
3;SIKASSO
3;SIKASSO
3;SIKASSO
3;SIKASSO
3;SIKASSO
3;SIKASSO
3;SIKASSO
3;SIKASSO
3;SIKASSO
3;SIKASSO
3;SIKASSO
3;SIKASSO
3;SIKASSO
3;SIKASSO
3;SIKASSO
3;SIKASSO
3;SIKASSO
3;SIKASSO
3;SIKASSO
3;SIKASSO
3;SIKASSO
3;SIKASSO
3;SIKASSO
3;SIKASSO
3;SIKASSO
3;SIKASSO
3;SIKASSO
4;SEGOU
4;SEGOU
4;SEGOU
4;SEGOU
4;SEGOU
4;SEGOU
4;SEGOU
4;SEGOU
4;SEGOU
4;SEGOU
4;SEGOU
4;SEGOU
4;SEGOU
4;SEGOU
4;SEGOU
4;SEGOU
4;SEGOU
4;SEGOU
4;SEGOU
4;SEGOU
4;SEGOU
4;SEGOU
4;SEGOU
4;SEGOU
4;SEGOU
4;SEGOU
4;SEGOU
4;SEGOU
4;SEGOU
4;SEGOU
4;SEGOU
4;SEGOU
4;SEGOU
4;SEGOU
4;SEGOU
4;SEGOU
4;SEGOU
4;SEGOU
4;SEGOU
4;SEGOU
4;SEGOU
4;SEGOU
4;SEGOU
4;SEGOU
4;SEGOU
4;SEGOU
4;SEGOU
4;SEGOU
4;SEGOU
4;SEGOU
4;SEGOU
4;SEGOU
4;SEGOU
4;SEGOU
4;SEGOU
4;SEGOU
4;SEGOU
4;SEGOU
4;SEGOU
4;SEGOU
4;SEGOU
4;SEGOU
4;SEGOU
4;SEGOU
4;SEGOU
4;SEGOU
4;SEGOU
4;SEGOU
4;SEGOU
4;SEGOU
4;SEGOU
4;SEGOU
4;SEGOU
4;SEGOU
4;SEGOU
4;SEGOU
4;SEGOU
4;SEGOU
4;SEGOU
4;SEGOU
4;SEGOU
4;SEGOU
4;SEGOU
4;SEGOU
4;SEGOU
4;SEGOU
4;SEGOU
4;SEGOU
4;SEGOU
4;SEGOU
4;SEGOU
4;SEGOU
4;SEGOU
4;SEGOU
4;SEGOU
4;SEGOU
4;SEGOU
4;SEGOU
4;SEGOU
4;SEGOU
4;SEGOU
4;SEGOU
4;SEGOU
4;SEGOU
4;SEGOU
4;SEGOU
4;SEGOU
4;SEGOU
4;SEGOU
4;SEGOU
4;SEGOU
4;SEGOU
4;SEGOU
4;SEGOU
4;SEGOU
4;SEGOU
4;SEGOU
4;SEGOU
4;SEGOU
4;SEGOU
4;SEGOU
4;SEGOU
4;SEGOU
4;SEGOU
4;SEGOU
4;SEGOU
4;SEGOU
4;SEGOU
4;SEGOU
4;SEGOU
4;SEGOU
4;SEGOU
4;SEGOU
4;SEGOU
4;SEGOU
4;SEGOU
4;SEGOU
4;SEGOU
4;SEGOU
4;SEGOU
4;SEGOU
4;SEGOU
4;SEGOU
4;SEGOU
4;SEGOU
4;SEGOU
4;SEGOU
4;SEGOU
4;SEGOU
4;SEGOU
4;SEGOU
4;SEGOU
4;SEGOU
4;SEGOU
4;SEGOU
4;SEGOU
4;SEGOU
4;SEGOU
4;SEGOU
4;SEGOU
4;SEGOU
4;SEGOU
4;SEGOU
4;SEGOU
4;SEGOU
4;SEGOU
4;SEGOU
4;SEGOU
4;SEGOU
4;SEGOU
4;SEGOU
4;SEGOU
4;SEGOU
4;SEGOU
4;SEGOU
4;SEGOU
4;SEGOU
4;SEGOU
4;SEGOU
4;SEGOU
4;SEGOU
4;SEGOU
4;SEGOU
4;SEGOU
4;SEGOU
4;SEGOU
4;SEGOU
4;SEGOU
4;SEGOU
4;SEGOU
4;SEGOU
4;SEGOU
4;SEGOU
4;SEGOU
4;SEGOU
4;SEGOU
4;SEGOU
4;SEGOU
4;SEGOU
4;SEGOU
4;SEGOU
4;SEGOU
4;SEGOU
4;SEGOU
4;SEGOU
4;SEGOU
4;SEGOU
4;SEGOU
4;SEGOU
4;SEGOU
4;SEGOU
4;SEGOU
4;SEGOU
4;SEGOU
4;SEGOU
4;SEGOU
4;SEGOU
4;SEGOU
4;SEGOU
4;SEGOU
4;SEGOU
4;SEGOU
4;SEGOU
4;SEGOU
4;SEGOU
4;SEGOU
4;SEGOU
4;SEGOU
4;SEGOU
4;SEGOU
4;SEGOU
4;SEGOU
4;SEGOU
4;SEGOU
4;SEGOU
4;SEGOU
4;SEGOU
4;SEGOU
4;SEGOU
4;SEGOU
4;SEGOU
4;SEGOU
4;SEGOU
4;SEGOU
4;SEGOU
4;SEGOU
4;SEGOU
4;SEGOU
4;SEGOU
4;SEGOU
4;SEGOU
4;SEGOU
4;SEGOU
4;SEGOU
4;SEGOU
4;SEGOU
4;SEGOU
4;SEGOU
4;SEGOU
4;SEGOU
4;SEGOU
4;SEGOU
4;SEGOU
4;SEGOU
4;SEGOU
4;SEGOU
4;SEGOU
4;SEGOU
4;SEGOU
4;SEGOU
4;SEGOU
4;SEGOU
4;SEGOU
4;SEGOU
4;SEGOU
4;SEGOU
4;SEGOU
4;SEGOU
4;SEGOU
4;SEGOU
4;SEGOU
4;SEGOU
4;SEGOU
4;SEGOU
4;SEGOU
4;SEGOU
4;SEGOU
4;SEGOU
4;SEGOU
4;SEGOU
4;SEGOU
4;SEGOU
4;SEGOU
4;SEGOU
4;SEGOU
4;SEGOU
4;SEGOU
4;SEGOU
4;SEGOU
4;SEGOU
4;SEGOU
4;SEGOU
4;SEGOU
4;SEGOU
4;SEGOU
4;SEGOU
4;SEGOU
4;SEGOU
4;SEGOU
4;SEGOU
4;SEGOU
4;SEGOU
4;SEGOU
4;SEGOU
4;SEGOU
4;SEGOU
4;SEGOU
4;SEGOU
4;SEGOU
4;SEGOU
4;SEGOU
4;SEGOU
4;SEGOU
4;SEGOU
4;SEGOU
4;SEGOU
4;SEGOU
4;SEGOU
4;SEGOU
4;SEGOU
4;SEGOU
4;SEGOU
4;SEGOU
4;SEGOU
4;SEGOU
4;SEGOU
4;SEGOU
4;SEGOU
4;SEGOU
4;SEGOU
4;SEGOU
4;SEGOU
4;SEGOU
4;SEGOU
4;SEGOU
4;SEGOU
4;SEGOU
4;SEGOU
4;SEGOU
4;SEGOU
4;SEGOU
4;SEGOU
4;SEGOU
4;SEGOU
4;SEGOU
4;SEGOU
4;SEGOU
4;SEGOU
4;SEGOU
4;SEGOU
4;SEGOU
4;SEGOU
4;SEGOU
4;SEGOU
4;SEGOU
4;SEGOU
4;SEGOU
4;SEGOU
4;SEGOU
4;SEGOU
4;SEGOU
4;SEGOU
4;SEGOU
4;SEGOU
4;SEGOU
4;SEGOU
4;SEGOU
4;SEGOU
4;SEGOU
4;SEGOU
4;SEGOU
4;SEGOU
4;SEGOU
4;SEGOU
4;SEGOU
4;SEGOU
4;SEGOU
4;SEGOU
4;SEGOU
4;SEGOU
4;SEGOU
4;SEGOU
4;SEGOU
4;SEGOU
4;SEGOU
4;SEGOU
4;SEGOU
4;SEGOU
4;SEGOU
4;SEGOU
4;SEGOU
4;SEGOU
4;SEGOU
4;SEGOU
4;SEGOU
4;SEGOU
4;SEGOU
4;SEGOU
4;SEGOU
4;SEGOU
4;SEGOU
4;SEGOU
4;SEGOU
4;SEGOU
4;SEGOU
4;SEGOU
4;SEGOU
4;SEGOU
4;SEGOU
4;SEGOU
4;SEGOU
4;SEGOU
4;SEGOU
4;SEGOU
4;SEGOU
4;SEGOU
4;SEGOU
4;SEGOU
4;SEGOU
4;SEGOU
4;SEGOU
4;SEGOU
4;SEGOU
4;SEGOU
4;SEGOU
4;SEGOU
4;SEGOU
4;SEGOU
4;SEGOU
4;SEGOU
4;SEGOU
4;SEGOU
4;SEGOU
4;SEGOU
4;SEGOU
4;SEGOU
4;SEGOU
4;SEGOU
4;SEGOU
4;SEGOU
4;SEGOU
4;SEGOU
4;SEGOU
4;SEGOU
4;SEGOU
4;SEGOU
4;SEGOU
4;SEGOU
4;SEGOU
4;SEGOU
4;SEGOU
4;SEGOU
4;SEGOU
4;SEGOU
4;SEGOU
4;SEGOU
4;SEGOU
4;SEGOU
4;SEGOU
4;SEGOU
4;SEGOU
4;SEGOU
4;SEGOU
4;SEGOU
4;SEGOU
4;SEGOU
4;SEGOU
4;SEGOU
4;SEGOU
4;SEGOU
4;SEGOU
4;SEGOU
4;SEGOU
4;SEGOU
4;SEGOU
4;SEGOU
4;SEGOU
4;SEGOU
4;SEGOU
4;SEGOU
4;SEGOU
4;SEGOU
4;SEGOU
4;SEGOU
4;SEGOU
4;SEGOU
4;SEGOU
4;SEGOU
4;SEGOU
4;SEGOU
4;SEGOU
4;SEGOU
4;SEGOU
4;SEGOU
4;SEGOU
4;SEGOU
4;SEGOU
4;SEGOU
4;SEGOU
4;SEGOU
4;SEGOU
4;SEGOU
4;SEGOU
4;SEGOU
4;SEGOU
4;SEGOU
4;SEGOU
4;SEGOU
4;SEGOU
4;SEGOU
4;SEGOU
4;SEGOU
4;SEGOU
4;SEGOU
4;SEGOU
4;SEGOU
4;SEGOU
4;SEGOU
4;SEGOU
4;SEGOU
4;SEGOU
4;SEGOU
4;SEGOU
4;SEGOU
4;SEGOU
4;SEGOU
4;SEGOU
4;SEGOU
4;SEGOU
4;SEGOU
4;SEGOU
4;SEGOU
4;SEGOU
4;SEGOU
4;SEGOU
4;SEGOU
4;SEGOU
4;SEGOU
4;SEGOU
4;SEGOU
4;SEGOU
4;SEGOU
4;SEGOU
4;SEGOU
4;SEGOU
4;SEGOU
4;SEGOU
4;SEGOU
4;SEGOU
4;SEGOU
4;SEGOU
4;SEGOU
4;SEGOU
4;SEGOU
4;SEGOU
4;SEGOU
4;SEGOU
4;SEGOU
4;SEGOU
4;SEGOU
4;SEGOU
4;SEGOU
4;SEGOU
4;SEGOU
4;SEGOU
4;SEGOU
4;SEGOU
4;SEGOU
4;SEGOU
4;SEGOU
4;SEGOU
4;SEGOU
4;SEGOU
4;SEGOU
4;SEGOU
4;SEGOU
4;SEGOU
4;SEGOU
4;SEGOU
4;SEGOU
4;SEGOU
4;SEGOU
4;SEGOU
4;SEGOU
4;SEGOU
4;SEGOU
4;SEGOU
4;SEGOU
4;SEGOU
4;SEGOU
4;SEGOU
4;SEGOU
4;SEGOU
4;SEGOU
4;SEGOU
4;SEGOU
4;SEGOU
4;SEGOU
4;SEGOU
4;SEGOU
4;SEGOU
4;SEGOU
4;SEGOU
4;SEGOU
4;SEGOU
4;SEGOU
4;SEGOU
4;SEGOU
4;SEGOU
4;SEGOU
4;SEGOU
4;SEGOU
4;SEGOU
4;SEGOU
4;SEGOU
4;SEGOU
4;SEGOU
4;SEGOU
4;SEGOU
4;SEGOU
4;SEGOU
4;SEGOU
4;SEGOU
4;SEGOU
4;SEGOU
4;SEGOU
4;SEGOU
4;SEGOU
4;SEGOU
4;SEGOU
4;SEGOU
4;SEGOU
4;SEGOU
4;SEGOU
4;SEGOU
4;SEGOU
4;SEGOU
4;SEGOU
4;SEGOU
4;SEGOU
4;SEGOU
4;SEGOU
4;SEGOU
4;SEGOU
4;SEGOU
4;SEGOU
4;SEGOU
4;SEGOU
4;SEGOU
4;SEGOU
4;SEGOU
4;SEGOU
4;SEGOU
4;SEGOU
4;SEGOU
4;SEGOU
4;SEGOU
4;SEGOU
4;SEGOU
4;SEGOU
4;SEGOU
4;SEGOU
4;SEGOU
4;SEGOU
4;SEGOU
4;SEGOU
4;SEGOU
4;SEGOU
4;SEGOU
4;SEGOU
4;SEGOU
4;SEGOU
4;SEGOU
4;SEGOU
4;SEGOU
4;SEGOU
4;SEGOU
4;SEGOU
4;SEGOU
4;SEGOU
4;SEGOU
4;SEGOU
4;SEGOU
4;SEGOU
4;SEGOU
4;SEGOU
4;SEGOU
4;SEGOU
4;SEGOU
4;SEGOU
4;SEGOU
4;SEGOU
4;SEGOU
4;SEGOU
4;SEGOU
4;SEGOU
4;SEGOU
4;SEGOU
4;SEGOU
4;SEGOU
4;SEGOU
4;SEGOU
4;SEGOU
4;SEGOU
4;SEGOU
4;SEGOU
4;SEGOU
4;SEGOU
4;SEGOU
4;SEGOU
4;SEGOU
4;SEGOU
4;SEGOU
4;SEGOU
4;SEGOU
4;SEGOU
4;SEGOU
4;SEGOU
4;SEGOU
4;SEGOU
4;SEGOU
4;SEGOU
4;SEGOU
4;SEGOU
4;SEGOU
4;SEGOU
4;SEGOU
4;SEGOU
4;SEGOU
4;SEGOU
4;SEGOU
4;SEGOU
4;SEGOU
4;SEGOU
4;SEGOU
4;SEGOU
4;SEGOU
4;SEGOU
4;SEGOU
4;SEGOU
4;SEGOU
4;SEGOU
4;SEGOU
4;SEGOU
4;SEGOU
4;SEGOU
4;SEGOU
4;SEGOU
4;SEGOU
4;SEGOU
4;SEGOU
4;SEGOU
4;SEGOU
4;SEGOU
4;SEGOU
4;SEGOU
4;SEGOU
4;SEGOU
4;SEGOU
4;SEGOU
4;SEGOU
4;SEGOU
4;SEGOU
4;SEGOU
4;SEGOU
4;SEGOU
4;SEGOU
4;SEGOU
4;SEGOU
4;SEGOU
4;SEGOU
4;SEGOU
4;SEGOU
4;SEGOU
4;SEGOU
4;SEGOU
4;SEGOU
4;SEGOU
4;SEGOU
4;SEGOU
4;SEGOU
4;SEGOU
4;SEGOU
4;SEGOU
4;SEGOU
4;SEGOU
4;SEGOU
4;SEGOU
4;SEGOU
4;SEGOU
4;SEGOU
4;SEGOU
4;SEGOU
4;SEGOU
4;SEGOU
4;SEGOU
4;SEGOU
4;SEGOU
4;SEGOU
4;SEGOU
4;SEGOU
4;SEGOU
4;SEGOU
4;SEGOU
4;SEGOU
4;SEGOU
4;SEGOU
4;SEGOU
4;SEGOU
4;SEGOU
4;SEGOU
4;SEGOU
4;SEGOU
4;SEGOU
4;SEGOU
4;SEGOU
4;SEGOU
4;SEGOU
4;SEGOU
4;SEGOU
4;SEGOU
4;SEGOU
4;SEGOU
4;SEGOU
4;SEGOU
4;SEGOU
4;SEGOU
4;SEGOU
4;SEGOU
4;SEGOU
4;SEGOU
4;SEGOU
4;SEGOU
4;SEGOU
4;SEGOU
4;SEGOU
4;SEGOU
4;SEGOU
4;SEGOU
4;SEGOU
4;SEGOU
4;SEGOU
4;SEGOU
4;SEGOU
4;SEGOU
4;SEGOU
4;SEGOU
4;SEGOU
4;SEGOU
4;SEGOU
4;SEGOU
4;SEGOU
4;SEGOU
4;SEGOU
4;SEGOU
4;SEGOU
4;SEGOU
4;SEGOU
4;SEGOU
4;SEGOU
4;SEGOU
4;SEGOU
4;SEGOU
4;SEGOU
4;SEGOU
4;SEGOU
4;SEGOU
4;SEGOU
4;SEGOU
4;SEGOU
4;SEGOU
4;SEGOU
4;SEGOU
4;SEGOU
4;SEGOU
4;SEGOU
4;SEGOU
4;SEGOU
4;SEGOU
4;SEGOU
4;SEGOU
4;SEGOU
4;SEGOU
4;SEGOU
4;SEGOU
4;SEGOU
4;SEGOU
4;SEGOU
4;SEGOU
4;SEGOU
4;SEGOU
4;SEGOU
4;SEGOU
4;SEGOU
4;SEGOU
4;SEGOU
4;SEGOU
4;SEGOU
4;SEGOU
4;SEGOU
4;SEGOU
4;SEGOU
4;SEGOU
4;SEGOU
4;SEGOU
4;SEGOU
4;SEGOU
4;SEGOU
4;SEGOU
4;SEGOU
4;SEGOU
4;SEGOU
4;SEGOU
4;SEGOU
4;SEGOU
4;SEGOU
4;SEGOU
4;SEGOU
4;SEGOU
4;SEGOU
4;SEGOU
4;SEGOU
4;SEGOU
4;SEGOU
4;SEGOU
4;SEGOU
4;SEGOU
4;SEGOU
4;SEGOU
4;SEGOU
4;SEGOU
4;SEGOU
4;SEGOU
4;SEGOU
4;SEGOU
4;SEGOU
4;SEGOU
4;SEGOU
4;SEGOU
4;SEGOU
4;SEGOU
4;SEGOU
4;SEGOU
4;SEGOU
4;SEGOU
4;SEGOU
4;SEGOU
4;SEGOU
4;SEGOU
4;SEGOU
4;SEGOU
4;SEGOU
4;SEGOU
4;SEGOU
4;SEGOU
4;SEGOU
4;SEGOU
4;SEGOU
4;SEGOU
4;SEGOU
4;SEGOU
4;SEGOU
4;SEGOU
4;SEGOU
4;SEGOU
4;SEGOU
4;SEGOU
4;SEGOU
4;SEGOU
4;SEGOU
4;SEGOU
4;SEGOU
4;SEGOU
4;SEGOU
4;SEGOU
4;SEGOU
4;SEGOU
4;SEGOU
4;SEGOU
4;SEGOU
4;SEGOU
4;SEGOU
4;SEGOU
4;SEGOU
4;SEGOU
4;SEGOU
4;SEGOU
4;SEGOU
4;SEGOU
4;SEGOU
4;SEGOU
4;SEGOU
4;SEGOU
4;SEGOU
4;SEGOU
4;SEGOU
4;SEGOU
4;SEGOU
4;SEGOU
4;SEGOU
4;SEGOU
4;SEGOU
4;SEGOU
4;SEGOU
4;SEGOU
4;SEGOU
4;SEGOU
4;SEGOU
4;SEGOU
4;SEGOU
4;SEGOU
4;SEGOU
4;SEGOU
4;SEGOU
4;SEGOU
4;SEGOU
4;SEGOU
4;SEGOU
4;SEGOU
4;SEGOU
4;SEGOU
4;SEGOU
4;SEGOU
4;SEGOU
4;SEGOU
4;SEGOU
4;SEGOU
4;SEGOU
4;SEGOU
4;SEGOU
4;SEGOU
4;SEGOU
4;SEGOU
4;SEGOU
4;SEGOU
4;SEGOU
4;SEGOU
4;SEGOU
4;SEGOU
4;SEGOU
4;SEGOU
4;SEGOU
4;SEGOU
4;SEGOU
4;SEGOU
4;SEGOU
4;SEGOU
4;SEGOU
4;SEGOU
4;SEGOU
4;SEGOU
4;SEGOU
4;SEGOU
4;SEGOU
4;SEGOU
4;SEGOU
4;SEGOU
4;SEGOU
4;SEGOU
4;SEGOU
4;SEGOU
4;SEGOU
4;SEGOU
4;SEGOU
4;SEGOU
4;SEGOU
4;SEGOU
4;SEGOU
4;SEGOU
4;SEGOU
4;SEGOU
4;SEGOU
4;SEGOU
4;SEGOU
4;SEGOU
4;SEGOU
4;SEGOU
4;SEGOU
4;SEGOU
4;SEGOU
4;SEGOU
4;SEGOU
4;SEGOU
4;SEGOU
4;SEGOU
4;SEGOU
4;SEGOU
4;SEGOU
4;SEGOU
4;SEGOU
4;SEGOU
4;SEGOU
4;SEGOU
4;SEGOU
4;SEGOU
4;SEGOU
4;SEGOU
4;SEGOU
4;SEGOU
4;SEGOU
4;SEGOU
4;SEGOU
4;SEGOU
4;SEGOU
4;SEGOU
4;SEGOU
4;SEGOU
4;SEGOU
4;SEGOU
4;SEGOU
4;SEGOU
4;SEGOU
4;SEGOU
4;SEGOU
4;SEGOU
4;SEGOU
4;SEGOU
4;SEGOU
4;SEGOU
4;SEGOU
4;SEGOU
4;SEGOU
4;SEGOU
4;SEGOU
4;SEGOU
4;SEGOU
4;SEGOU
4;SEGOU
4;SEGOU
4;SEGOU
4;SEGOU
4;SEGOU
4;SEGOU
4;SEGOU
4;SEGOU
4;SEGOU
4;SEGOU
4;SEGOU
4;SEGOU
4;SEGOU
4;SEGOU
4;SEGOU
4;SEGOU
4;SEGOU
4;SEGOU
4;SEGOU
4;SEGOU
4;SEGOU
4;SEGOU
4;SEGOU
4;SEGOU
4;SEGOU
4;SEGOU
4;SEGOU
4;SEGOU
4;SEGOU
4;SEGOU
4;SEGOU
4;SEGOU
4;SEGOU
4;SEGOU
4;SEGOU
4;SEGOU
4;SEGOU
4;SEGOU
4;SEGOU
4;SEGOU
4;SEGOU
4;SEGOU
4;SEGOU
4;SEGOU
4;SEGOU
4;SEGOU
4;SEGOU
4;SEGOU
4;SEGOU
4;SEGOU
4;SEGOU
4;SEGOU
4;SEGOU
4;SEGOU
4;SEGOU
4;SEGOU
4;SEGOU
4;SEGOU
4;SEGOU
4;SEGOU
4;SEGOU
4;SEGOU
4;SEGOU
4;SEGOU
4;SEGOU
4;SEGOU
4;SEGOU
4;SEGOU
4;SEGOU
4;SEGOU
4;SEGOU
4;SEGOU
4;SEGOU
4;SEGOU
4;SEGOU
4;SEGOU
4;SEGOU
4;SEGOU
4;SEGOU
4;SEGOU
4;SEGOU
4;SEGOU
4;SEGOU
4;SEGOU
4;SEGOU
4;SEGOU
4;SEGOU
4;SEGOU
4;SEGOU
4;SEGOU
4;SEGOU
4;SEGOU
4;SEGOU
4;SEGOU
4;SEGOU
4;SEGOU
4;SEGOU
4;SEGOU
4;SEGOU
4;SEGOU
4;SEGOU
4;SEGOU
4;SEGOU
4;SEGOU
4;SEGOU
4;SEGOU
4;SEGOU
4;SEGOU
4;SEGOU
4;SEGOU
4;SEGOU
4;SEGOU
4;SEGOU
4;SEGOU
4;SEGOU
4;SEGOU
4;SEGOU
4;SEGOU
4;SEGOU
4;SEGOU
4;SEGOU
4;SEGOU
4;SEGOU
4;SEGOU
4;SEGOU
4;SEGOU
4;SEGOU
4;SEGOU
4;SEGOU
4;SEGOU
4;SEGOU
4;SEGOU
4;SEGOU
4;SEGOU
4;SEGOU
4;SEGOU
4;SEGOU
4;SEGOU
4;SEGOU
4;SEGOU
4;SEGOU
4;SEGOU
4;SEGOU
4;SEGOU
4;SEGOU
4;SEGOU
4;SEGOU
4;SEGOU
4;SEGOU
4;SEGOU
4;SEGOU
4;SEGOU
4;SEGOU
4;SEGOU
4;SEGOU
4;SEGOU
4;SEGOU
4;SEGOU
4;SEGOU
4;SEGOU
4;SEGOU
4;SEGOU
4;SEGOU
4;SEGOU
4;SEGOU
4;SEGOU
4;SEGOU
4;SEGOU
4;SEGOU
4;SEGOU
4;SEGOU
4;SEGOU
4;SEGOU
4;SEGOU
4;SEGOU
4;SEGOU
4;SEGOU
4;SEGOU
4;SEGOU
4;SEGOU
4;SEGOU
4;SEGOU
4;SEGOU
4;SEGOU
4;SEGOU
4;SEGOU
4;SEGOU
4;SEGOU
4;SEGOU
4;SEGOU
4;SEGOU
4;SEGOU
4;SEGOU
4;SEGOU
4;SEGOU
4;SEGOU
4;SEGOU
4;SEGOU
4;SEGOU
4;SEGOU
4;SEGOU
4;SEGOU
4;SEGOU
4;SEGOU
4;SEGOU
4;SEGOU
4;SEGOU
4;SEGOU
4;SEGOU
4;SEGOU
4;SEGOU
4;SEGOU
4;SEGOU
4;SEGOU
4;SEGOU
4;SEGOU
4;SEGOU
4;SEGOU
4;SEGOU
4;SEGOU
4;SEGOU
4;SEGOU
4;SEGOU
4;SEGOU
4;SEGOU
4;SEGOU
4;SEGOU
4;SEGOU
4;SEGOU
4;SEGOU
4;SEGOU
4;SEGOU
4;SEGOU
4;SEGOU
4;SEGOU
4;SEGOU
4;SEGOU
4;SEGOU
4;SEGOU
4;SEGOU
4;SEGOU
4;SEGOU
4;SEGOU
4;SEGOU
4;SEGOU
4;SEGOU
4;SEGOU
4;SEGOU
4;SEGOU
4;SEGOU
4;SEGOU
4;SEGOU
4;SEGOU
4;SEGOU
4;SEGOU
4;SEGOU
4;SEGOU
4;SEGOU
4;SEGOU
4;SEGOU
4;SEGOU
4;SEGOU
4;SEGOU
4;SEGOU
4;SEGOU
4;SEGOU
4;SEGOU
4;SEGOU
4;SEGOU
4;SEGOU
4;SEGOU
4;SEGOU
4;SEGOU
4;SEGOU
4;SEGOU
4;SEGOU
4;SEGOU
4;SEGOU
4;SEGOU
4;SEGOU
4;SEGOU
4;SEGOU
4;SEGOU
4;SEGOU
4;SEGOU
4;SEGOU
4;SEGOU
4;SEGOU
4;SEGOU
4;SEGOU
4;SEGOU
4;SEGOU
4;SEGOU
4;SEGOU
4;SEGOU
4;SEGOU
4;SEGOU
4;SEGOU
4;SEGOU
4;SEGOU
4;SEGOU
4;SEGOU
4;SEGOU
4;SEGOU
4;SEGOU
4;SEGOU
4;SEGOU
4;SEGOU
4;SEGOU
4;SEGOU
4;SEGOU
4;SEGOU
4;SEGOU
4;SEGOU
4;SEGOU
4;SEGOU
4;SEGOU
4;SEGOU
4;SEGOU
4;SEGOU
4;SEGOU
4;SEGOU
4;SEGOU
4;SEGOU
4;SEGOU
4;SEGOU
4;SEGOU
4;SEGOU
4;SEGOU
4;SEGOU
4;SEGOU
4;SEGOU
4;SEGOU
4;SEGOU
4;SEGOU
4;SEGOU
4;SEGOU
4;SEGOU
4;SEGOU
4;SEGOU
4;SEGOU
4;SEGOU
4;SEGOU
4;SEGOU
4;SEGOU
4;SEGOU
4;SEGOU
4;SEGOU
4;SEGOU
4;SEGOU
4;SEGOU
4;SEGOU
4;SEGOU
4;SEGOU
4;SEGOU
4;SEGOU
4;SEGOU
4;SEGOU
4;SEGOU
4;SEGOU
4;SEGOU
4;SEGOU
4;SEGOU
4;SEGOU
4;SEGOU
4;SEGOU
4;SEGOU
4;SEGOU
4;SEGOU
4;SEGOU
4;SEGOU
4;SEGOU
4;SEGOU
4;SEGOU
4;SEGOU
4;SEGOU
4;SEGOU
4;SEGOU
4;SEGOU
4;SEGOU
4;SEGOU
4;SEGOU
4;SEGOU
4;SEGOU
4;SEGOU
4;SEGOU
4;SEGOU
4;SEGOU
4;SEGOU
4;SEGOU
4;SEGOU
4;SEGOU
4;SEGOU
4;SEGOU
4;SEGOU
4;SEGOU
4;SEGOU
4;SEGOU
4;SEGOU
4;SEGOU
4;SEGOU
4;SEGOU
4;SEGOU
4;SEGOU
4;SEGOU
4;SEGOU
4;SEGOU
4;SEGOU
4;SEGOU
4;SEGOU
4;SEGOU
4;SEGOU
4;SEGOU
4;SEGOU
4;SEGOU
4;SEGOU
4;SEGOU
4;SEGOU
4;SEGOU
4;SEGOU
4;SEGOU
4;SEGOU
4;SEGOU
4;SEGOU
4;SEGOU
4;SEGOU
4;SEGOU
4;SEGOU
4;SEGOU
4;SEGOU
4;SEGOU
4;SEGOU
4;SEGOU
4;SEGOU
4;SEGOU
4;SEGOU
4;SEGOU
4;SEGOU
4;SEGOU
4;SEGOU
4;SEGOU
4;SEGOU
4;SEGOU
4;SEGOU
4;SEGOU
4;SEGOU
4;SEGOU
4;SEGOU
4;SEGOU
4;SEGOU
4;SEGOU
4;SEGOU
4;SEGOU
4;SEGOU
4;SEGOU
4;SEGOU
4;SEGOU
4;SEGOU
4;SEGOU
4;SEGOU
4;SEGOU
4;SEGOU
4;SEGOU
4;SEGOU
4;SEGOU
4;SEGOU
4;SEGOU
4;SEGOU
4;SEGOU
4;SEGOU
4;SEGOU
4;SEGOU
4;SEGOU
4;SEGOU
4;SEGOU
4;SEGOU
4;SEGOU
4;SEGOU
4;SEGOU
4;SEGOU
4;SEGOU
4;SEGOU
4;SEGOU
4;SEGOU
4;SEGOU
4;SEGOU
4;SEGOU
4;SEGOU
4;SEGOU
4;SEGOU
4;SEGOU
4;SEGOU
4;SEGOU
4;SEGOU
4;SEGOU
4;SEGOU
4;SEGOU
4;SEGOU
4;SEGOU
4;SEGOU
4;SEGOU
4;SEGOU
4;SEGOU
4;SEGOU
4;SEGOU
4;SEGOU
4;SEGOU
4;SEGOU
4;SEGOU
4;SEGOU
4;SEGOU
4;SEGOU
4;SEGOU
4;SEGOU
4;SEGOU
4;SEGOU
4;SEGOU
4;SEGOU
4;SEGOU
4;SEGOU
4;SEGOU
4;SEGOU
4;SEGOU
4;SEGOU
4;SEGOU
4;SEGOU
4;SEGOU
4;SEGOU
4;SEGOU
4;SEGOU
4;SEGOU
4;SEGOU
4;SEGOU
4;SEGOU
4;SEGOU
4;SEGOU
4;SEGOU
4;SEGOU
4;SEGOU
4;SEGOU
4;SEGOU
4;SEGOU
4;SEGOU
4;SEGOU
4;SEGOU
4;SEGOU
4;SEGOU
4;SEGOU
4;SEGOU
4;SEGOU
4;SEGOU
4;SEGOU
4;SEGOU
4;SEGOU
4;SEGOU
4;SEGOU
4;SEGOU
4;SEGOU
4;SEGOU
4;SEGOU
4;SEGOU
4;SEGOU
4;SEGOU
4;SEGOU
4;SEGOU
4;SEGOU
4;SEGOU
4;SEGOU
4;SEGOU
4;SEGOU
4;SEGOU
4;SEGOU
4;SEGOU
4;SEGOU
4;SEGOU
4;SEGOU
4;SEGOU
4;SEGOU
4;SEGOU
4;SEGOU
4;SEGOU
4;SEGOU
4;SEGOU
4;SEGOU
4;SEGOU
4;SEGOU
4;SEGOU
4;SEGOU
4;SEGOU
4;SEGOU
4;SEGOU
4;SEGOU
4;SEGOU
4;SEGOU
4;SEGOU
4;SEGOU
4;SEGOU
4;SEGOU
4;SEGOU
4;SEGOU
4;SEGOU
4;SEGOU
4;SEGOU
4;SEGOU
4;SEGOU
4;SEGOU
4;SEGOU
4;SEGOU
4;SEGOU
4;SEGOU
4;SEGOU
4;SEGOU
4;SEGOU
4;SEGOU
4;SEGOU
4;SEGOU
4;SEGOU
4;SEGOU
4;SEGOU
4;SEGOU
4;SEGOU
4;SEGOU
4;SEGOU
4;SEGOU
4;SEGOU
4;SEGOU
4;SEGOU
4;SEGOU
4;SEGOU
4;SEGOU
4;SEGOU
4;SEGOU
4;SEGOU
4;SEGOU
4;SEGOU
4;SEGOU
4;SEGOU
4;SEGOU
4;SEGOU
4;SEGOU
4;SEGOU
4;SEGOU
4;SEGOU
4;SEGOU
4;SEGOU
4;SEGOU
4;SEGOU
4;SEGOU
4;SEGOU
4;SEGOU
4;SEGOU
4;SEGOU
4;SEGOU
4;SEGOU
4;SEGOU
4;SEGOU
4;SEGOU
4;SEGOU
4;SEGOU
4;SEGOU
4;SEGOU
4;SEGOU
4;SEGOU
4;SEGOU
4;SEGOU
4;SEGOU
4;SEGOU
4;SEGOU
4;SEGOU
4;SEGOU
4;SEGOU
4;SEGOU
4;SEGOU
4;SEGOU
4;SEGOU
4;SEGOU
4;SEGOU
4;SEGOU
4;SEGOU
4;SEGOU
4;SEGOU
4;SEGOU
4;SEGOU
4;SEGOU
4;SEGOU
4;SEGOU
4;SEGOU
4;SEGOU
4;SEGOU
4;SEGOU
4;SEGOU
4;SEGOU
4;SEGOU
4;SEGOU
4;SEGOU
4;SEGOU
4;SEGOU
4;SEGOU
4;SEGOU
4;SEGOU
4;SEGOU
4;SEGOU
4;SEGOU
4;SEGOU
4;SEGOU
4;SEGOU
4;SEGOU
4;SEGOU
4;SEGOU
4;SEGOU
4;SEGOU
4;SEGOU
4;SEGOU
4;SEGOU
4;SEGOU
4;SEGOU
4;SEGOU
4;SEGOU
4;SEGOU
4;SEGOU
4;SEGOU
4;SEGOU
4;SEGOU
4;SEGOU
4;SEGOU
4;SEGOU
4;SEGOU
4;SEGOU
4;SEGOU
4;SEGOU
4;SEGOU
4;SEGOU
4;SEGOU
4;SEGOU
4;SEGOU
4;SEGOU
4;SEGOU
4;SEGOU
4;SEGOU
4;SEGOU
4;SEGOU
4;SEGOU
4;SEGOU
4;SEGOU
4;SEGOU
4;SEGOU
4;SEGOU
4;SEGOU
4;SEGOU
4;SEGOU
4;SEGOU
4;SEGOU
4;SEGOU
4;SEGOU
4;SEGOU
4;SEGOU
4;SEGOU
4;SEGOU
4;SEGOU
4;SEGOU
4;SEGOU
4;SEGOU
4;SEGOU
4;SEGOU
4;SEGOU
4;SEGOU
4;SEGOU
4;SEGOU
4;SEGOU
4;SEGOU
4;SEGOU
4;SEGOU
4;SEGOU
4;SEGOU
4;SEGOU
4;SEGOU
4;SEGOU
4;SEGOU
4;SEGOU
4;SEGOU
4;SEGOU
4;SEGOU
4;SEGOU
4;SEGOU
4;SEGOU
4;SEGOU
4;SEGOU
4;SEGOU
4;SEGOU
4;SEGOU
4;SEGOU
4;SEGOU
4;SEGOU
4;SEGOU
4;SEGOU
4;SEGOU
4;SEGOU
4;SEGOU
4;SEGOU
4;SEGOU
4;SEGOU
4;SEGOU
4;SEGOU
4;SEGOU
4;SEGOU
4;SEGOU
4;SEGOU
4;SEGOU
4;SEGOU
4;SEGOU
4;SEGOU
4;SEGOU
4;SEGOU
4;SEGOU
4;SEGOU
4;SEGOU
4;SEGOU
4;SEGOU
4;SEGOU
4;SEGOU
4;SEGOU
4;SEGOU
4;SEGOU
4;SEGOU
4;SEGOU
4;SEGOU
4;SEGOU
4;SEGOU
4;SEGOU
4;SEGOU
4;SEGOU
4;SEGOU
4;SEGOU
4;SEGOU
4;SEGOU
4;SEGOU
4;SEGOU
4;SEGOU
4;SEGOU
4;SEGOU
4;SEGOU
4;SEGOU
4;SEGOU
4;SEGOU
4;SEGOU
4;SEGOU
4;SEGOU
4;SEGOU
4;SEGOU
4;SEGOU
4;SEGOU
4;SEGOU
4;SEGOU
4;SEGOU
4;SEGOU
4;SEGOU
4;SEGOU
4;SEGOU
4;SEGOU
4;SEGOU
4;SEGOU
4;SEGOU
4;SEGOU
4;SEGOU
4;SEGOU
4;SEGOU
4;SEGOU
4;SEGOU
4;SEGOU
4;SEGOU
4;SEGOU
4;SEGOU
4;SEGOU
4;SEGOU
4;SEGOU
4;SEGOU
4;SEGOU
4;SEGOU
4;SEGOU
4;SEGOU
4;SEGOU
4;SEGOU
4;SEGOU
4;SEGOU
4;SEGOU
4;SEGOU
4;SEGOU
4;SEGOU
4;SEGOU
4;SEGOU
4;SEGOU
4;SEGOU
4;SEGOU
4;SEGOU
4;SEGOU
4;SEGOU
4;SEGOU
4;SEGOU
4;SEGOU
4;SEGOU
4;SEGOU
4;SEGOU
4;SEGOU
4;SEGOU
4;SEGOU
4;SEGOU
4;SEGOU
4;SEGOU
4;SEGOU
4;SEGOU
4;SEGOU
4;SEGOU
4;SEGOU
4;SEGOU
4;SEGOU
4;SEGOU
4;SEGOU
4;SEGOU
4;SEGOU
4;SEGOU
4;SEGOU
4;SEGOU
4;SEGOU
4;SEGOU
4;SEGOU
4;SEGOU
4;SEGOU
4;SEGOU
4;SEGOU
4;SEGOU
4;SEGOU
4;SEGOU
4;SEGOU
4;SEGOU
4;SEGOU
4;SEGOU
4;SEGOU
4;SEGOU
4;SEGOU
4;SEGOU
4;SEGOU
4;SEGOU
4;SEGOU
4;SEGOU
4;SEGOU
4;SEGOU
4;SEGOU
4;SEGOU
4;SEGOU
4;SEGOU
4;SEGOU
4;SEGOU
4;SEGOU
4;SEGOU
4;SEGOU
4;SEGOU
4;SEGOU
4;SEGOU
4;SEGOU
4;SEGOU
4;SEGOU
4;SEGOU
4;SEGOU
4;SEGOU
4;SEGOU
4;SEGOU
4;SEGOU
4;SEGOU
4;SEGOU
4;SEGOU
4;SEGOU
4;SEGOU
4;SEGOU
4;SEGOU
4;SEGOU
4;SEGOU
4;SEGOU
4;SEGOU
4;SEGOU
4;SEGOU
4;SEGOU
4;SEGOU
4;SEGOU
4;SEGOU
4;SEGOU
4;SEGOU
4;SEGOU
4;SEGOU
4;SEGOU
4;SEGOU
4;SEGOU
4;SEGOU
4;SEGOU
4;SEGOU
4;SEGOU
4;SEGOU
4;SEGOU
4;SEGOU
4;SEGOU
4;SEGOU
4;SEGOU
4;SEGOU
4;SEGOU
4;SEGOU
4;SEGOU
4;SEGOU
4;SEGOU
4;SEGOU
4;SEGOU
4;SEGOU
4;SEGOU
4;SEGOU
4;SEGOU
4;SEGOU
4;SEGOU
4;SEGOU
4;SEGOU
4;SEGOU
4;SEGOU
4;SEGOU
4;SEGOU
4;SEGOU
4;SEGOU
4;SEGOU
4;SEGOU
4;SEGOU
4;SEGOU
4;SEGOU
4;SEGOU
4;SEGOU
4;SEGOU
4;SEGOU
4;SEGOU
4;SEGOU
4;SEGOU
4;SEGOU
4;SEGOU
4;SEGOU
4;SEGOU
4;SEGOU
4;SEGOU
4;SEGOU
4;SEGOU
4;SEGOU
4;SEGOU
4;SEGOU
4;SEGOU
4;SEGOU
4;SEGOU
4;SEGOU
4;SEGOU
4;SEGOU
4;SEGOU
4;SEGOU
4;SEGOU
4;SEGOU
4;SEGOU
4;SEGOU
4;SEGOU
4;SEGOU
4;SEGOU
4;SEGOU
4;SEGOU
4;SEGOU
4;SEGOU
4;SEGOU
4;SEGOU
4;SEGOU
4;SEGOU
4;SEGOU
4;SEGOU
4;SEGOU
4;SEGOU
5;MOPTI
5;MOPTI
5;MOPTI
5;MOPTI
5;MOPTI
5;MOPTI
5;MOPTI
5;MOPTI
5;MOPTI
5;MOPTI
5;MOPTI
5;MOPTI
5;MOPTI
5;MOPTI
5;MOPTI
5;MOPTI
5;MOPTI
5;MOPTI
5;MOPTI
5;MOPTI
5;MOPTI
5;MOPTI
5;MOPTI
5;MOPTI
5;MOPTI
5;MOPTI
5;MOPTI
5;MOPTI
5;MOPTI
5;MOPTI
5;MOPTI
5;MOPTI
5;MOPTI
5;MOPTI
5;MOPTI
5;MOPTI
5;MOPTI
5;MOPTI
5;MOPTI
5;MOPTI
5;MOPTI
5;MOPTI
5;MOPTI
5;MOPTI
5;MOPTI
5;MOPTI
5;MOPTI
5;MOPTI
5;MOPTI
5;MOPTI
5;MOPTI
5;MOPTI
5;MOPTI
5;MOPTI
5;MOPTI
5;MOPTI
5;MOPTI
5;MOPTI
5;MOPTI
5;MOPTI
5;MOPTI
5;MOPTI
5;MOPTI
5;MOPTI
5;MOPTI
5;MOPTI
5;MOPTI
5;MOPTI
5;MOPTI
5;MOPTI
5;MOPTI
5;MOPTI
5;MOPTI
5;MOPTI
5;MOPTI
5;MOPTI
5;MOPTI
5;MOPTI
5;MOPTI
5;MOPTI
5;MOPTI
5;MOPTI
5;MOPTI
5;MOPTI
5;MOPTI
5;MOPTI
5;MOPTI
5;MOPTI
5;MOPTI
5;MOPTI
5;MOPTI
5;MOPTI
5;MOPTI
5;MOPTI
5;MOPTI
5;MOPTI
5;MOPTI
5;MOPTI
5;MOPTI
5;MOPTI
5;MOPTI
5;MOPTI
5;MOPTI
5;MOPTI
5;MOPTI
5;MOPTI
5;MOPTI
5;MOPTI
5;MOPTI
5;MOPTI
5;MOPTI
5;MOPTI
5;MOPTI
5;MOPTI
5;MOPTI
5;MOPTI
5;MOPTI
5;MOPTI
5;MOPTI
5;MOPTI
5;MOPTI
5;MOPTI
5;MOPTI
5;MOPTI
5;MOPTI
5;MOPTI
5;MOPTI
5;MOPTI
5;MOPTI
5;MOPTI
5;MOPTI
5;MOPTI
5;MOPTI
5;MOPTI
5;MOPTI
5;MOPTI
5;MOPTI
5;MOPTI
5;MOPTI
5;MOPTI
5;MOPTI
5;MOPTI
5;MOPTI
5;MOPTI
5;MOPTI
5;MOPTI
5;MOPTI
5;MOPTI
5;MOPTI
5;MOPTI
5;MOPTI
5;MOPTI
5;MOPTI
5;MOPTI
5;MOPTI
5;MOPTI
5;MOPTI
5;MOPTI
5;MOPTI
5;MOPTI
5;MOPTI
5;MOPTI
5;MOPTI
5;MOPTI
5;MOPTI
5;MOPTI
5;MOPTI
5;MOPTI
5;MOPTI
5;MOPTI
5;MOPTI
5;MOPTI
5;MOPTI
5;MOPTI
5;MOPTI
5;MOPTI
5;MOPTI
5;MOPTI
5;MOPTI
5;MOPTI
5;MOPTI
5;MOPTI
5;MOPTI
5;MOPTI
5;MOPTI
5;MOPTI
5;MOPTI
5;MOPTI
5;MOPTI
5;MOPTI
5;MOPTI
5;MOPTI
5;MOPTI
5;MOPTI
5;MOPTI
5;MOPTI
5;MOPTI
5;MOPTI
5;MOPTI
5;MOPTI
5;MOPTI
5;MOPTI
5;MOPTI
5;MOPTI
5;MOPTI
5;MOPTI
5;MOPTI
5;MOPTI
5;MOPTI
5;MOPTI
5;MOPTI
5;MOPTI
5;MOPTI
5;MOPTI
5;MOPTI
5;MOPTI
5;MOPTI
5;MOPTI
5;MOPTI
5;MOPTI
5;MOPTI
5;MOPTI
5;MOPTI
5;MOPTI
5;MOPTI
5;MOPTI
5;MOPTI
5;MOPTI
5;MOPTI
5;MOPTI
5;MOPTI
5;MOPTI
5;MOPTI
5;MOPTI
5;MOPTI
5;MOPTI
5;MOPTI
5;MOPTI
5;MOPTI
5;MOPTI
5;MOPTI
5;MOPTI
5;MOPTI
5;MOPTI
5;MOPTI
5;MOPTI
5;MOPTI
5;MOPTI
5;MOPTI
5;MOPTI
5;MOPTI
5;MOPTI
5;MOPTI
5;MOPTI
5;MOPTI
5;MOPTI
5;MOPTI
5;MOPTI
5;MOPTI
5;MOPTI
5;MOPTI
5;MOPTI
5;MOPTI
5;MOPTI
5;MOPTI
5;MOPTI
5;MOPTI
5;MOPTI
5;MOPTI
5;MOPTI
5;MOPTI
5;MOPTI
5;MOPTI
5;MOPTI
5;MOPTI
5;MOPTI
5;MOPTI
5;MOPTI
5;MOPTI
5;MOPTI
5;MOPTI
5;MOPTI
5;MOPTI
5;MOPTI
5;MOPTI
5;MOPTI
5;MOPTI
5;MOPTI
5;MOPTI
5;MOPTI
5;MOPTI
5;MOPTI
5;MOPTI
5;MOPTI
5;MOPTI
5;MOPTI
5;MOPTI
5;MOPTI
5;MOPTI
5;MOPTI
5;MOPTI
5;MOPTI
5;MOPTI
5;MOPTI
5;MOPTI
5;MOPTI
5;MOPTI
5;MOPTI
5;MOPTI
5;MOPTI
5;MOPTI
5;MOPTI
5;MOPTI
5;MOPTI
5;MOPTI
5;MOPTI
5;MOPTI
5;MOPTI
5;MOPTI
5;MOPTI
5;MOPTI
5;MOPTI
5;MOPTI
5;MOPTI
5;MOPTI
5;MOPTI
5;MOPTI
5;MOPTI
5;MOPTI
5;MOPTI
5;MOPTI
5;MOPTI
5;MOPTI
5;MOPTI
5;MOPTI
5;MOPTI
5;MOPTI
5;MOPTI
5;MOPTI
5;MOPTI
5;MOPTI
5;MOPTI
5;MOPTI
5;MOPTI
5;MOPTI
5;MOPTI
5;MOPTI
5;MOPTI
5;MOPTI
5;MOPTI
5;MOPTI
5;MOPTI
5;MOPTI
5;MOPTI
5;MOPTI
5;MOPTI
5;MOPTI
5;MOPTI
5;MOPTI
5;MOPTI
5;MOPTI
5;MOPTI
5;MOPTI
5;MOPTI
5;MOPTI
5;MOPTI
5;MOPTI
5;MOPTI
5;MOPTI
5;MOPTI
5;MOPTI
5;MOPTI
5;MOPTI
5;MOPTI
5;MOPTI
5;MOPTI
5;MOPTI
5;MOPTI
5;MOPTI
5;MOPTI
5;MOPTI
5;MOPTI
5;MOPTI
5;MOPTI
5;MOPTI
5;MOPTI
5;MOPTI
5;MOPTI
5;MOPTI
5;MOPTI
5;MOPTI
5;MOPTI
5;MOPTI
5;MOPTI
5;MOPTI
5;MOPTI
5;MOPTI
5;MOPTI
5;MOPTI
5;MOPTI
5;MOPTI
5;MOPTI
5;MOPTI
5;MOPTI
5;MOPTI
5;MOPTI
5;MOPTI
5;MOPTI
5;MOPTI
5;MOPTI
5;MOPTI
5;MOPTI
5;MOPTI
5;MOPTI
5;MOPTI
5;MOPTI
5;MOPTI
5;MOPTI
5;MOPTI
5;MOPTI
5;MOPTI
5;MOPTI
5;MOPTI
5;MOPTI
5;MOPTI
5;MOPTI
5;MOPTI
5;MOPTI
5;MOPTI
5;MOPTI
5;MOPTI
5;MOPTI
5;MOPTI
5;MOPTI
5;MOPTI
5;MOPTI
5;MOPTI
5;MOPTI
5;MOPTI
5;MOPTI
5;MOPTI
5;MOPTI
5;MOPTI
5;MOPTI
5;MOPTI
5;MOPTI
5;MOPTI
5;MOPTI
5;MOPTI
5;MOPTI
5;MOPTI
5;MOPTI
5;MOPTI
5;MOPTI
5;MOPTI
5;MOPTI
5;MOPTI
5;MOPTI
5;MOPTI
5;MOPTI
5;MOPTI
5;MOPTI
5;MOPTI
5;MOPTI
5;MOPTI
5;MOPTI
5;MOPTI
5;MOPTI
5;MOPTI
5;MOPTI
5;MOPTI
5;MOPTI
5;MOPTI
5;MOPTI
5;MOPTI
5;MOPTI
5;MOPTI
5;MOPTI
5;MOPTI
5;MOPTI
5;MOPTI
5;MOPTI
5;MOPTI
5;MOPTI
5;MOPTI
5;MOPTI
5;MOPTI
5;MOPTI
5;MOPTI
5;MOPTI
5;MOPTI
5;MOPTI
5;MOPTI
5;MOPTI
5;MOPTI
5;MOPTI
5;MOPTI
5;MOPTI
5;MOPTI
5;MOPTI
5;MOPTI
5;MOPTI
5;MOPTI
5;MOPTI
5;MOPTI
5;MOPTI
5;MOPTI
5;MOPTI
5;MOPTI
5;MOPTI
5;MOPTI
5;MOPTI
5;MOPTI
5;MOPTI
5;MOPTI
5;MOPTI
5;MOPTI
5;MOPTI
5;MOPTI
5;MOPTI
5;MOPTI
5;MOPTI
5;MOPTI
5;MOPTI
5;MOPTI
5;MOPTI
5;MOPTI
5;MOPTI
5;MOPTI
5;MOPTI
5;MOPTI
5;MOPTI
5;MOPTI
5;MOPTI
5;MOPTI
5;MOPTI
5;MOPTI
5;MOPTI
5;MOPTI
5;MOPTI
5;MOPTI
5;MOPTI
5;MOPTI
5;MOPTI
5;MOPTI
5;MOPTI
5;MOPTI
5;MOPTI
5;MOPTI
5;MOPTI
5;MOPTI
5;MOPTI
5;MOPTI
5;MOPTI
5;MOPTI
5;MOPTI
5;MOPTI
5;MOPTI
5;MOPTI
5;MOPTI
5;MOPTI
5;MOPTI
5;MOPTI
5;MOPTI
5;MOPTI
5;MOPTI
5;MOPTI
5;MOPTI
5;MOPTI
5;MOPTI
5;MOPTI
5;MOPTI
5;MOPTI
5;MOPTI
5;MOPTI
5;MOPTI
5;MOPTI
5;MOPTI
5;MOPTI
5;MOPTI
5;MOPTI
5;MOPTI
5;MOPTI
5;MOPTI
5;MOPTI
5;MOPTI
5;MOPTI
5;MOPTI
5;MOPTI
5;MOPTI
5;MOPTI
5;MOPTI
5;MOPTI
5;MOPTI
5;MOPTI
5;MOPTI
5;MOPTI
5;MOPTI
5;MOPTI
5;MOPTI
5;MOPTI
5;MOPTI
5;MOPTI
5;MOPTI
5;MOPTI
5;MOPTI
5;MOPTI
5;MOPTI
5;MOPTI
5;MOPTI
5;MOPTI
5;MOPTI
5;MOPTI
5;MOPTI
5;MOPTI
5;MOPTI
5;MOPTI
5;MOPTI
5;MOPTI
5;MOPTI
5;MOPTI
5;MOPTI
5;MOPTI
5;MOPTI
5;MOPTI
5;MOPTI
5;MOPTI
5;MOPTI
5;MOPTI
5;MOPTI
5;MOPTI
5;MOPTI
5;MOPTI
5;MOPTI
5;MOPTI
5;MOPTI
5;MOPTI
5;MOPTI
5;MOPTI
5;MOPTI
5;MOPTI
5;MOPTI
5;MOPTI
5;MOPTI
5;MOPTI
5;MOPTI
5;MOPTI
5;MOPTI
5;MOPTI
5;MOPTI
5;MOPTI
5;MOPTI
5;MOPTI
5;MOPTI
5;MOPTI
5;MOPTI
5;MOPTI
5;MOPTI
5;MOPTI
5;MOPTI
5;MOPTI
5;MOPTI
5;MOPTI
5;MOPTI
5;MOPTI
5;MOPTI
5;MOPTI
5;MOPTI
5;MOPTI
5;MOPTI
5;MOPTI
5;MOPTI
5;MOPTI
5;MOPTI
5;MOPTI
5;MOPTI
5;MOPTI
5;MOPTI
5;MOPTI
5;MOPTI
5;MOPTI
5;MOPTI
5;MOPTI
5;MOPTI
5;MOPTI
5;MOPTI
5;MOPTI
5;MOPTI
5;MOPTI
5;MOPTI
5;MOPTI
5;MOPTI
5;MOPTI
5;MOPTI
5;MOPTI
5;MOPTI
5;MOPTI
5;MOPTI
5;MOPTI
5;MOPTI
5;MOPTI
5;MOPTI
5;MOPTI
5;MOPTI
5;MOPTI
5;MOPTI
5;MOPTI
5;MOPTI
5;MOPTI
5;MOPTI
5;MOPTI
5;MOPTI
5;MOPTI
5;MOPTI
5;MOPTI
5;MOPTI
5;MOPTI
5;MOPTI
5;MOPTI
5;MOPTI
5;MOPTI
5;MOPTI
5;MOPTI
5;MOPTI
5;MOPTI
5;MOPTI
5;MOPTI
5;MOPTI
5;MOPTI
5;MOPTI
5;MOPTI
5;MOPTI
5;MOPTI
5;MOPTI
5;MOPTI
5;MOPTI
5;MOPTI
5;MOPTI
5;MOPTI
5;MOPTI
5;MOPTI
5;MOPTI
5;MOPTI
5;MOPTI
5;MOPTI
5;MOPTI
5;MOPTI
5;MOPTI
5;MOPTI
5;MOPTI
5;MOPTI
5;MOPTI
5;MOPTI
5;MOPTI
5;MOPTI
5;MOPTI
5;MOPTI
5;MOPTI
5;MOPTI
5;MOPTI
5;MOPTI
5;MOPTI
5;MOPTI
5;MOPTI
5;MOPTI
5;MOPTI
5;MOPTI
5;MOPTI
5;MOPTI
5;MOPTI
5;MOPTI
5;MOPTI
5;MOPTI
5;MOPTI
5;MOPTI
5;MOPTI
5;MOPTI
5;MOPTI
5;MOPTI
5;MOPTI
5;MOPTI
5;MOPTI
5;MOPTI
5;MOPTI
5;MOPTI
5;MOPTI
5;MOPTI
5;MOPTI
5;MOPTI
5;MOPTI
5;MOPTI
5;MOPTI
5;MOPTI
5;MOPTI
5;MOPTI
5;MOPTI
5;MOPTI
5;MOPTI
5;MOPTI
5;MOPTI
5;MOPTI
5;MOPTI
5;MOPTI
5;MOPTI
5;MOPTI
5;MOPTI
5;MOPTI
5;MOPTI
5;MOPTI
5;MOPTI
5;MOPTI
5;MOPTI
5;MOPTI
5;MOPTI
5;MOPTI
5;MOPTI
5;MOPTI
5;MOPTI
5;MOPTI
5;MOPTI
5;MOPTI
5;MOPTI
5;MOPTI
5;MOPTI
5;MOPTI
5;MOPTI
5;MOPTI
5;MOPTI
5;MOPTI
5;MOPTI
5;MOPTI
5;MOPTI
5;MOPTI
5;MOPTI
5;MOPTI
5;MOPTI
5;MOPTI
5;MOPTI
5;MOPTI
5;MOPTI
5;MOPTI
5;MOPTI
5;MOPTI
5;MOPTI
5;MOPTI
5;MOPTI
5;MOPTI
5;MOPTI
5;MOPTI
5;MOPTI
5;MOPTI
5;MOPTI
5;MOPTI
5;MOPTI
5;MOPTI
5;MOPTI
5;MOPTI
5;MOPTI
5;MOPTI
5;MOPTI
5;MOPTI
5;MOPTI
5;MOPTI
5;MOPTI
5;MOPTI
5;MOPTI
5;MOPTI
5;MOPTI
5;MOPTI
5;MOPTI
5;MOPTI
5;MOPTI
5;MOPTI
5;MOPTI
5;MOPTI
5;MOPTI
5;MOPTI
5;MOPTI
5;MOPTI
5;MOPTI
5;MOPTI
5;MOPTI
5;MOPTI
5;MOPTI
5;MOPTI
5;MOPTI
5;MOPTI
5;MOPTI
5;MOPTI
5;MOPTI
5;MOPTI
5;MOPTI
5;MOPTI
5;MOPTI
5;MOPTI
5;MOPTI
5;MOPTI
5;MOPTI
5;MOPTI
5;MOPTI
5;MOPTI
5;MOPTI
5;MOPTI
5;MOPTI
5;MOPTI
5;MOPTI
5;MOPTI
5;MOPTI
5;MOPTI
5;MOPTI
5;MOPTI
5;MOPTI
5;MOPTI
5;MOPTI
5;MOPTI
5;MOPTI
5;MOPTI
5;MOPTI
5;MOPTI
5;MOPTI
5;MOPTI
5;MOPTI
5;MOPTI
5;MOPTI
5;MOPTI
5;MOPTI
5;MOPTI
5;MOPTI
5;MOPTI
5;MOPTI
5;MOPTI
5;MOPTI
5;MOPTI
5;MOPTI
5;MOPTI
5;MOPTI
5;MOPTI
5;MOPTI
5;MOPTI
5;MOPTI
5;MOPTI
5;MOPTI
5;MOPTI
5;MOPTI
5;MOPTI
5;MOPTI
5;MOPTI
5;MOPTI
5;MOPTI
5;MOPTI
5;MOPTI
5;MOPTI
5;MOPTI
5;MOPTI
5;MOPTI
5;MOPTI
5;MOPTI
5;MOPTI
5;MOPTI
5;MOPTI
5;MOPTI
5;MOPTI
5;MOPTI
5;MOPTI
5;MOPTI
5;MOPTI
5;MOPTI
5;MOPTI
5;MOPTI
5;MOPTI
5;MOPTI
5;MOPTI
5;MOPTI
5;MOPTI
5;MOPTI
5;MOPTI
5;MOPTI
5;MOPTI
5;MOPTI
5;MOPTI
5;MOPTI
5;MOPTI
5;MOPTI
5;MOPTI
5;MOPTI
5;MOPTI
5;MOPTI
5;MOPTI
5;MOPTI
5;MOPTI
5;MOPTI
5;MOPTI
5;MOPTI
5;MOPTI
5;MOPTI
5;MOPTI
5;MOPTI
5;MOPTI
5;MOPTI
5;MOPTI
5;MOPTI
5;MOPTI
5;MOPTI
5;MOPTI
5;MOPTI
5;MOPTI
5;MOPTI
5;MOPTI
5;MOPTI
5;MOPTI
5;MOPTI
5;MOPTI
5;MOPTI
5;MOPTI
5;MOPTI
5;MOPTI
5;MOPTI
5;MOPTI
5;MOPTI
5;MOPTI
5;MOPTI
5;MOPTI
5;MOPTI
5;MOPTI
5;MOPTI
5;MOPTI
5;MOPTI
5;MOPTI
5;MOPTI
5;MOPTI
5;MOPTI
5;MOPTI
5;MOPTI
5;MOPTI
5;MOPTI
5;MOPTI
5;MOPTI
5;MOPTI
5;MOPTI
5;MOPTI
5;MOPTI
5;MOPTI
5;MOPTI
5;MOPTI
5;MOPTI
5;MOPTI
5;MOPTI
5;MOPTI
5;MOPTI
5;MOPTI
5;MOPTI
5;MOPTI
5;MOPTI
5;MOPTI
5;MOPTI
5;MOPTI
5;MOPTI
5;MOPTI
5;MOPTI
5;MOPTI
5;MOPTI
5;MOPTI
5;MOPTI
5;MOPTI
5;MOPTI
5;MOPTI
5;MOPTI
5;MOPTI
5;MOPTI
5;MOPTI
5;MOPTI
5;MOPTI
5;MOPTI
5;MOPTI
5;MOPTI
5;MOPTI
5;MOPTI
5;MOPTI
5;MOPTI
5;MOPTI
5;MOPTI
5;MOPTI
5;MOPTI
5;MOPTI
5;MOPTI
5;MOPTI
5;MOPTI
5;MOPTI
5;MOPTI
5;MOPTI
5;MOPTI
5;MOPTI
5;MOPTI
5;MOPTI
5;MOPTI
5;MOPTI
5;MOPTI
5;MOPTI
5;MOPTI
5;MOPTI
5;MOPTI
5;MOPTI
5;MOPTI
5;MOPTI
5;MOPTI
5;MOPTI
5;MOPTI
5;MOPTI
5;MOPTI
5;MOPTI
5;MOPTI
5;MOPTI
5;MOPTI
5;MOPTI
5;MOPTI
5;MOPTI
5;MOPTI
5;MOPTI
5;MOPTI
5;MOPTI
5;MOPTI
5;MOPTI
5;MOPTI
5;MOPTI
5;MOPTI
5;MOPTI
5;MOPTI
5;MOPTI
5;MOPTI
5;MOPTI
5;MOPTI
5;MOPTI
5;MOPTI
5;MOPTI
5;MOPTI
5;MOPTI
5;MOPTI
5;MOPTI
5;MOPTI
5;MOPTI
5;MOPTI
5;MOPTI
5;MOPTI
5;MOPTI
5;MOPTI
5;MOPTI
5;MOPTI
5;MOPTI
5;MOPTI
5;MOPTI
5;MOPTI
5;MOPTI
5;MOPTI
5;MOPTI
5;MOPTI
5;MOPTI
5;MOPTI
5;MOPTI
5;MOPTI
5;MOPTI
5;MOPTI
5;MOPTI
5;MOPTI
5;MOPTI
5;MOPTI
5;MOPTI
5;MOPTI
5;MOPTI
5;MOPTI
5;MOPTI
5;MOPTI
5;MOPTI
5;MOPTI
5;MOPTI
5;MOPTI
5;MOPTI
5;MOPTI
5;MOPTI
5;MOPTI
5;MOPTI
5;MOPTI
5;MOPTI
5;MOPTI
5;MOPTI
5;MOPTI
5;MOPTI
5;MOPTI
5;MOPTI
5;MOPTI
5;MOPTI
5;MOPTI
5;MOPTI
5;MOPTI
5;MOPTI
5;MOPTI
5;MOPTI
5;MOPTI
5;MOPTI
5;MOPTI
5;MOPTI
5;MOPTI
5;MOPTI
5;MOPTI
5;MOPTI
5;MOPTI
5;MOPTI
5;MOPTI
5;MOPTI
5;MOPTI
5;MOPTI
5;MOPTI
5;MOPTI
5;MOPTI
5;MOPTI
5;MOPTI
5;MOPTI
5;MOPTI
5;MOPTI
5;MOPTI
5;MOPTI
5;MOPTI
5;MOPTI
5;MOPTI
5;MOPTI
5;MOPTI
5;MOPTI
5;MOPTI
5;MOPTI
5;MOPTI
5;MOPTI
5;MOPTI
5;MOPTI
5;MOPTI
5;MOPTI
5;MOPTI
5;MOPTI
5;MOPTI
5;MOPTI
5;MOPTI
5;MOPTI
5;MOPTI
5;MOPTI
5;MOPTI
5;MOPTI
5;MOPTI
5;MOPTI
5;MOPTI
5;MOPTI
5;MOPTI
5;MOPTI
5;MOPTI
5;MOPTI
5;MOPTI
5;MOPTI
5;MOPTI
5;MOPTI
5;MOPTI
5;MOPTI
5;MOPTI
5;MOPTI
5;MOPTI
5;MOPTI
5;MOPTI
5;MOPTI
5;MOPTI
5;MOPTI
5;MOPTI
5;MOPTI
5;MOPTI
5;MOPTI
5;MOPTI
5;MOPTI
5;MOPTI
5;MOPTI
5;MOPTI
5;MOPTI
5;MOPTI
5;MOPTI
5;MOPTI
5;MOPTI
5;MOPTI
5;MOPTI
5;MOPTI
5;MOPTI
5;MOPTI
5;MOPTI
5;MOPTI
5;MOPTI
5;MOPTI
5;MOPTI
5;MOPTI
5;MOPTI
5;MOPTI
5;MOPTI
5;MOPTI
5;MOPTI
5;MOPTI
5;MOPTI
5;MOPTI
5;MOPTI
5;MOPTI
5;MOPTI
5;MOPTI
5;MOPTI
5;MOPTI
5;MOPTI
5;MOPTI
5;MOPTI
5;MOPTI
5;MOPTI
5;MOPTI
5;MOPTI
5;MOPTI
5;MOPTI
5;MOPTI
5;MOPTI
5;MOPTI
5;MOPTI
5;MOPTI
5;MOPTI
5;MOPTI
5;MOPTI
5;MOPTI
5;MOPTI
5;MOPTI
5;MOPTI
5;MOPTI
5;MOPTI
5;MOPTI
5;MOPTI
5;MOPTI
5;MOPTI
5;MOPTI
5;MOPTI
5;MOPTI
5;MOPTI
5;MOPTI
5;MOPTI
5;MOPTI
5;MOPTI
5;MOPTI
5;MOPTI
5;MOPTI
5;MOPTI
5;MOPTI
5;MOPTI
5;MOPTI
5;MOPTI
5;MOPTI
5;MOPTI
5;MOPTI
5;MOPTI
5;MOPTI
5;MOPTI
5;MOPTI
5;MOPTI
5;MOPTI
5;MOPTI
5;MOPTI
5;MOPTI
5;MOPTI
5;MOPTI
5;MOPTI
5;MOPTI
5;MOPTI
5;MOPTI
5;MOPTI
5;MOPTI
5;MOPTI
5;MOPTI
5;MOPTI
5;MOPTI
5;MOPTI
5;MOPTI
5;MOPTI
5;MOPTI
5;MOPTI
5;MOPTI
5;MOPTI
5;MOPTI
5;MOPTI
5;MOPTI
5;MOPTI
5;MOPTI
5;MOPTI
5;MOPTI
5;MOPTI
5;MOPTI
5;MOPTI
5;MOPTI
5;MOPTI
5;MOPTI
5;MOPTI
5;MOPTI
5;MOPTI
5;MOPTI
5;MOPTI
5;MOPTI
5;MOPTI
5;MOPTI
5;MOPTI
5;MOPTI
5;MOPTI
5;MOPTI
5;MOPTI
5;MOPTI
5;MOPTI
5;MOPTI
5;MOPTI
5;MOPTI
5;MOPTI
5;MOPTI
5;MOPTI
5;MOPTI
5;MOPTI
5;MOPTI
5;MOPTI
5;MOPTI
5;MOPTI
5;MOPTI
5;MOPTI
5;MOPTI
5;MOPTI
5;MOPTI
5;MOPTI
5;MOPTI
5;MOPTI
5;MOPTI
5;MOPTI
5;MOPTI
5;MOPTI
5;MOPTI
5;MOPTI
5;MOPTI
5;MOPTI
5;MOPTI
5;MOPTI
5;MOPTI
5;MOPTI
5;MOPTI
5;MOPTI
5;MOPTI
5;MOPTI
5;MOPTI
5;MOPTI
5;MOPTI
5;MOPTI
5;MOPTI
5;MOPTI
5;MOPTI
5;MOPTI
5;MOPTI
5;MOPTI
5;MOPTI
5;MOPTI
5;MOPTI
5;MOPTI
5;MOPTI
5;MOPTI
5;MOPTI
5;MOPTI
5;MOPTI
5;MOPTI
5;MOPTI
5;MOPTI
5;MOPTI
5;MOPTI
5;MOPTI
5;MOPTI
5;MOPTI
5;MOPTI
5;MOPTI
5;MOPTI
5;MOPTI
5;MOPTI
5;MOPTI
5;MOPTI
5;MOPTI
5;MOPTI
5;MOPTI
5;MOPTI
5;MOPTI
5;MOPTI
5;MOPTI
5;MOPTI
5;MOPTI
5;MOPTI
5;MOPTI
5;MOPTI
5;MOPTI
5;MOPTI
5;MOPTI
5;MOPTI
5;MOPTI
5;MOPTI
5;MOPTI
5;MOPTI
5;MOPTI
5;MOPTI
5;MOPTI
5;MOPTI
5;MOPTI
5;MOPTI
5;MOPTI
5;MOPTI
5;MOPTI
5;MOPTI
5;MOPTI
5;MOPTI
5;MOPTI
5;MOPTI
5;MOPTI
5;MOPTI
5;MOPTI
5;MOPTI
5;MOPTI
5;MOPTI
5;MOPTI
5;MOPTI
5;MOPTI
5;MOPTI
5;MOPTI
5;MOPTI
5;MOPTI
5;MOPTI
5;MOPTI
5;MOPTI
5;MOPTI
5;MOPTI
5;MOPTI
5;MOPTI
5;MOPTI
5;MOPTI
5;MOPTI
5;MOPTI
5;MOPTI
5;MOPTI
5;MOPTI
5;MOPTI
5;MOPTI
5;MOPTI
5;MOPTI
5;MOPTI
5;MOPTI
5;MOPTI
5;MOPTI
5;MOPTI
5;MOPTI
5;MOPTI
5;MOPTI
5;MOPTI
5;MOPTI
5;MOPTI
5;MOPTI
5;MOPTI
5;MOPTI
5;MOPTI
5;MOPTI
5;MOPTI
5;MOPTI
5;MOPTI
5;MOPTI
5;MOPTI
5;MOPTI
5;MOPTI
5;MOPTI
5;MOPTI
5;MOPTI
5;MOPTI
5;MOPTI
5;MOPTI
5;MOPTI
5;MOPTI
5;MOPTI
5;MOPTI
5;MOPTI
5;MOPTI
5;MOPTI
5;MOPTI
5;MOPTI
5;MOPTI
5;MOPTI
5;MOPTI
5;MOPTI
5;MOPTI
5;MOPTI
5;MOPTI
5;MOPTI
5;MOPTI
5;MOPTI
5;MOPTI
5;MOPTI
5;MOPTI
5;MOPTI
5;MOPTI
5;MOPTI
5;MOPTI
5;MOPTI
5;MOPTI
5;MOPTI
5;MOPTI
5;MOPTI
5;MOPTI
5;MOPTI
5;MOPTI
5;MOPTI
5;MOPTI
5;MOPTI
5;MOPTI
5;MOPTI
5;MOPTI
5;MOPTI
5;MOPTI
5;MOPTI
5;MOPTI
5;MOPTI
5;MOPTI
5;MOPTI
5;MOPTI
5;MOPTI
5;MOPTI
5;MOPTI
5;MOPTI
5;MOPTI
5;MOPTI
5;MOPTI
5;MOPTI
5;MOPTI
5;MOPTI
5;MOPTI
5;MOPTI
5;MOPTI
5;MOPTI
5;MOPTI
5;MOPTI
5;MOPTI
5;MOPTI
5;MOPTI
5;MOPTI
5;MOPTI
5;MOPTI
5;MOPTI
5;MOPTI
5;MOPTI
5;MOPTI
5;MOPTI
5;MOPTI
5;MOPTI
5;MOPTI
5;MOPTI
5;MOPTI
5;MOPTI
5;MOPTI
5;MOPTI
5;MOPTI
5;MOPTI
5;MOPTI
5;MOPTI
5;MOPTI
5;MOPTI
5;MOPTI
5;MOPTI
5;MOPTI
5;MOPTI
5;MOPTI
5;MOPTI
5;MOPTI
5;MOPTI
5;MOPTI
5;MOPTI
5;MOPTI
5;MOPTI
5;MOPTI
5;MOPTI
5;MOPTI
5;MOPTI
5;MOPTI
5;MOPTI
5;MOPTI
5;MOPTI
5;MOPTI
5;MOPTI
5;MOPTI
5;MOPTI
5;MOPTI
5;MOPTI
5;MOPTI
5;MOPTI
5;MOPTI
5;MOPTI
5;MOPTI
5;MOPTI
5;MOPTI
5;MOPTI
5;MOPTI
5;MOPTI
5;MOPTI
5;MOPTI
5;MOPTI
5;MOPTI
5;MOPTI
5;MOPTI
5;MOPTI
5;MOPTI
5;MOPTI
5;MOPTI
5;MOPTI
5;MOPTI
5;MOPTI
5;MOPTI
5;MOPTI
5;MOPTI
5;MOPTI
5;MOPTI
5;MOPTI
5;MOPTI
5;MOPTI
5;MOPTI
5;MOPTI
5;MOPTI
5;MOPTI
5;MOPTI
5;MOPTI
5;MOPTI
5;MOPTI
5;MOPTI
5;MOPTI
5;MOPTI
5;MOPTI
5;MOPTI
5;MOPTI
5;MOPTI
5;MOPTI
5;MOPTI
5;MOPTI
5;MOPTI
5;MOPTI
5;MOPTI
5;MOPTI
5;MOPTI
5;MOPTI
5;MOPTI
5;MOPTI
5;MOPTI
5;MOPTI
5;MOPTI
5;MOPTI
5;MOPTI
5;MOPTI
5;MOPTI
5;MOPTI
5;MOPTI
5;MOPTI
5;MOPTI
5;MOPTI
5;MOPTI
5;MOPTI
5;MOPTI
5;MOPTI
5;MOPTI
5;MOPTI
5;MOPTI
5;MOPTI
5;MOPTI
5;MOPTI
5;MOPTI
5;MOPTI
5;MOPTI
5;MOPTI
5;MOPTI
5;MOPTI
5;MOPTI
5;MOPTI
5;MOPTI
5;MOPTI
5;MOPTI
5;MOPTI
5;MOPTI
5;MOPTI
5;MOPTI
5;MOPTI
5;MOPTI
5;MOPTI
5;MOPTI
5;MOPTI
5;MOPTI
5;MOPTI
5;MOPTI
5;MOPTI
5;MOPTI
5;MOPTI
5;MOPTI
5;MOPTI
5;MOPTI
5;MOPTI
5;MOPTI
5;MOPTI
5;MOPTI
5;MOPTI
5;MOPTI
5;MOPTI
5;MOPTI
5;MOPTI
5;MOPTI
5;MOPTI
5;MOPTI
5;MOPTI
5;MOPTI
5;MOPTI
5;MOPTI
5;MOPTI
5;MOPTI
5;MOPTI
5;MOPTI
5;MOPTI
5;MOPTI
5;MOPTI
5;MOPTI
5;MOPTI
5;MOPTI
5;MOPTI
5;MOPTI
5;MOPTI
5;MOPTI
5;MOPTI
5;MOPTI
5;MOPTI
5;MOPTI
5;MOPTI
5;MOPTI
5;MOPTI
5;MOPTI
5;MOPTI
5;MOPTI
5;MOPTI
5;MOPTI
5;MOPTI
5;MOPTI
5;MOPTI
5;MOPTI
5;MOPTI
5;MOPTI
5;MOPTI
5;MOPTI
5;MOPTI
5;MOPTI
5;MOPTI
5;MOPTI
5;MOPTI
5;MOPTI
5;MOPTI
5;MOPTI
5;MOPTI
5;MOPTI
5;MOPTI
5;MOPTI
5;MOPTI
5;MOPTI
5;MOPTI
5;MOPTI
5;MOPTI
5;MOPTI
5;MOPTI
5;MOPTI
5;MOPTI
5;MOPTI
5;MOPTI
5;MOPTI
5;MOPTI
5;MOPTI
5;MOPTI
5;MOPTI
5;MOPTI
5;MOPTI
5;MOPTI
5;MOPTI
5;MOPTI
5;MOPTI
5;MOPTI
5;MOPTI
5;MOPTI
5;MOPTI
5;MOPTI
5;MOPTI
5;MOPTI
5;MOPTI
5;MOPTI
5;MOPTI
5;MOPTI
5;MOPTI
5;MOPTI
5;MOPTI
5;MOPTI
5;MOPTI
5;MOPTI
5;MOPTI
5;MOPTI
5;MOPTI
5;MOPTI
5;MOPTI
5;MOPTI
5;MOPTI
5;MOPTI
5;MOPTI
5;MOPTI
5;MOPTI
5;MOPTI
5;MOPTI
5;MOPTI
5;MOPTI
5;MOPTI
5;MOPTI
5;MOPTI
5;MOPTI
5;MOPTI
5;MOPTI
5;MOPTI
5;MOPTI
5;MOPTI
5;MOPTI
5;MOPTI
5;MOPTI
5;MOPTI
5;MOPTI
5;MOPTI
5;MOPTI
5;MOPTI
5;MOPTI
5;MOPTI
5;MOPTI
5;MOPTI
5;MOPTI
5;MOPTI
5;MOPTI
5;MOPTI
5;MOPTI
5;MOPTI
5;MOPTI
5;MOPTI
5;MOPTI
5;MOPTI
5;MOPTI
5;MOPTI
5;MOPTI
5;MOPTI
5;MOPTI
5;MOPTI
5;MOPTI
5;MOPTI
5;MOPTI
5;MOPTI
5;MOPTI
5;MOPTI
5;MOPTI
5;MOPTI
5;MOPTI
5;MOPTI
5;MOPTI
5;MOPTI
5;MOPTI
5;MOPTI
5;MOPTI
5;MOPTI
5;MOPTI
5;MOPTI
5;MOPTI
5;MOPTI
5;MOPTI
5;MOPTI
5;MOPTI
5;MOPTI
5;MOPTI
5;MOPTI
5;MOPTI
5;MOPTI
5;MOPTI
5;MOPTI
5;MOPTI
5;MOPTI
5;MOPTI
5;MOPTI
5;MOPTI
5;MOPTI
5;MOPTI
5;MOPTI
5;MOPTI
5;MOPTI
5;MOPTI
5;MOPTI
5;MOPTI
5;MOPTI
5;MOPTI
5;MOPTI
5;MOPTI
5;MOPTI
5;MOPTI
5;MOPTI
5;MOPTI
5;MOPTI
5;MOPTI
5;MOPTI
5;MOPTI
5;MOPTI
5;MOPTI
5;MOPTI
5;MOPTI
5;MOPTI
5;MOPTI
5;MOPTI
5;MOPTI
5;MOPTI
5;MOPTI
5;MOPTI
5;MOPTI
5;MOPTI
5;MOPTI
5;MOPTI
5;MOPTI
5;MOPTI
5;MOPTI
5;MOPTI
5;MOPTI
5;MOPTI
5;MOPTI
5;MOPTI
5;MOPTI
5;MOPTI
5;MOPTI
5;MOPTI
5;MOPTI
5;MOPTI
5;MOPTI
5;MOPTI
5;MOPTI
5;MOPTI
5;MOPTI
5;MOPTI
5;MOPTI
5;MOPTI
5;MOPTI
5;MOPTI
5;MOPTI
5;MOPTI
5;MOPTI
5;MOPTI
5;MOPTI
5;MOPTI
5;MOPTI
5;MOPTI
5;MOPTI
5;MOPTI
5;MOPTI
5;MOPTI
5;MOPTI
5;MOPTI
5;MOPTI
5;MOPTI
6;TOMBOUCTOU
6;TOMBOUCTOU
6;TOMBOUCTOU
6;TOMBOUCTOU
6;TOMBOUCTOU
6;TOMBOUCTOU
6;TOMBOUCTOU
6;TOMBOUCTOU
6;TOMBOUCTOU
6;TOMBOUCTOU
6;TOMBOUCTOU
6;TOMBOUCTOU
6;TOMBOUCTOU
6;TOMBOUCTOU
6;TOMBOUCTOU
6;TOMBOUCTOU
6;TOMBOUCTOU
6;TOMBOUCTOU
6;TOMBOUCTOU
6;TOMBOUCTOU
6;TOMBOUCTOU
6;TOMBOUCTOU
6;TOMBOUCTOU
6;TOMBOUCTOU
6;TOMBOUCTOU
6;TOMBOUCTOU
6;TOMBOUCTOU
6;TOMBOUCTOU
6;TOMBOUCTOU
6;TOMBOUCTOU
6;TOMBOUCTOU
6;TOMBOUCTOU
6;TOMBOUCTOU
6;TOMBOUCTOU
6;TOMBOUCTOU
6;TOMBOUCTOU
6;TOMBOUCTOU
6;TOMBOUCTOU
6;TOMBOUCTOU
6;TOMBOUCTOU
6;TOMBOUCTOU
6;TOMBOUCTOU
6;TOMBOUCTOU
6;TOMBOUCTOU
6;TOMBOUCTOU
6;TOMBOUCTOU
6;TOMBOUCTOU
6;TOMBOUCTOU
6;TOMBOUCTOU
6;TOMBOUCTOU
6;TOMBOUCTOU
6;TOMBOUCTOU
6;TOMBOUCTOU
6;TOMBOUCTOU
6;TOMBOUCTOU
6;TOMBOUCTOU
6;TOMBOUCTOU
6;TOMBOUCTOU
6;TOMBOUCTOU
6;TOMBOUCTOU
6;TOMBOUCTOU
6;TOMBOUCTOU
6;TOMBOUCTOU
6;TOMBOUCTOU
6;TOMBOUCTOU
6;TOMBOUCTOU
6;TOMBOUCTOU
6;TOMBOUCTOU
6;TOMBOUCTOU
6;TOMBOUCTOU
6;TOMBOUCTOU
6;TOMBOUCTOU
6;TOMBOUCTOU
6;TOMBOUCTOU
6;TOMBOUCTOU
6;TOMBOUCTOU
6;TOMBOUCTOU
6;TOMBOUCTOU
6;TOMBOUCTOU
6;TOMBOUCTOU
6;TOMBOUCTOU
6;TOMBOUCTOU
6;TOMBOUCTOU
6;TOMBOUCTOU
6;TOMBOUCTOU
6;TOMBOUCTOU
6;TOMBOUCTOU
6;TOMBOUCTOU
6;TOMBOUCTOU
6;TOMBOUCTOU
6;TOMBOUCTOU
6;TOMBOUCTOU
6;TOMBOUCTOU
6;TOMBOUCTOU
6;TOMBOUCTOU
6;TOMBOUCTOU
6;TOMBOUCTOU
6;TOMBOUCTOU
6;TOMBOUCTOU
6;TOMBOUCTOU
6;TOMBOUCTOU
6;TOMBOUCTOU
6;TOMBOUCTOU
6;TOMBOUCTOU
6;TOMBOUCTOU
6;TOMBOUCTOU
6;TOMBOUCTOU
6;TOMBOUCTOU
6;TOMBOUCTOU
6;TOMBOUCTOU
6;TOMBOUCTOU
6;TOMBOUCTOU
6;TOMBOUCTOU
6;TOMBOUCTOU
6;TOMBOUCTOU
6;TOMBOUCTOU
6;TOMBOUCTOU
6;TOMBOUCTOU
6;TOMBOUCTOU
6;TOMBOUCTOU
6;TOMBOUCTOU
6;TOMBOUCTOU
6;TOMBOUCTOU
6;TOMBOUCTOU
6;TOMBOUCTOU
6;TOMBOUCTOU
6;TOMBOUCTOU
6;TOMBOUCTOU
6;TOMBOUCTOU
6;TOMBOUCTOU
6;TOMBOUCTOU
6;TOMBOUCTOU
6;TOMBOUCTOU
6;TOMBOUCTOU
6;TOMBOUCTOU
6;TOMBOUCTOU
6;TOMBOUCTOU
6;TOMBOUCTOU
6;TOMBOUCTOU
6;TOMBOUCTOU
6;TOMBOUCTOU
6;TOMBOUCTOU
6;TOMBOUCTOU
6;TOMBOUCTOU
6;TOMBOUCTOU
6;TOMBOUCTOU
6;TOMBOUCTOU
6;TOMBOUCTOU
6;TOMBOUCTOU
6;TOMBOUCTOU
6;TOMBOUCTOU
6;TOMBOUCTOU
6;TOMBOUCTOU
6;TOMBOUCTOU
6;TOMBOUCTOU
6;TOMBOUCTOU
6;TOMBOUCTOU
6;TOMBOUCTOU
6;TOMBOUCTOU
6;TOMBOUCTOU
6;TOMBOUCTOU
6;TOMBOUCTOU
6;TOMBOUCTOU
6;TOMBOUCTOU
6;TOMBOUCTOU
6;TOMBOUCTOU
6;TOMBOUCTOU
6;TOMBOUCTOU
6;TOMBOUCTOU
6;TOMBOUCTOU
6;TOMBOUCTOU
6;TOMBOUCTOU
6;TOMBOUCTOU
6;TOMBOUCTOU
6;TOMBOUCTOU
6;TOMBOUCTOU
6;TOMBOUCTOU
6;TOMBOUCTOU
6;TOMBOUCTOU
6;TOMBOUCTOU
6;TOMBOUCTOU
6;TOMBOUCTOU
6;TOMBOUCTOU
6;TOMBOUCTOU
6;TOMBOUCTOU
6;TOMBOUCTOU
6;TOMBOUCTOU
6;TOMBOUCTOU
6;TOMBOUCTOU
6;TOMBOUCTOU
6;TOMBOUCTOU
6;TOMBOUCTOU
6;TOMBOUCTOU
6;TOMBOUCTOU
6;TOMBOUCTOU
6;TOMBOUCTOU
6;TOMBOUCTOU
6;TOMBOUCTOU
6;TOMBOUCTOU
6;TOMBOUCTOU
6;TOMBOUCTOU
6;TOMBOUCTOU
6;TOMBOUCTOU
6;TOMBOUCTOU
6;TOMBOUCTOU
6;TOMBOUCTOU
6;TOMBOUCTOU
6;TOMBOUCTOU
6;TOMBOUCTOU
6;TOMBOUCTOU
6;TOMBOUCTOU
6;TOMBOUCTOU
6;TOMBOUCTOU
6;TOMBOUCTOU
6;TOMBOUCTOU
6;TOMBOUCTOU
6;TOMBOUCTOU
6;TOMBOUCTOU
6;TOMBOUCTOU
6;TOMBOUCTOU
6;TOMBOUCTOU
6;TOMBOUCTOU
6;TOMBOUCTOU
6;TOMBOUCTOU
6;TOMBOUCTOU
6;TOMBOUCTOU
6;TOMBOUCTOU
6;TOMBOUCTOU
6;TOMBOUCTOU
6;TOMBOUCTOU
6;TOMBOUCTOU
6;TOMBOUCTOU
6;TOMBOUCTOU
6;TOMBOUCTOU
6;TOMBOUCTOU
6;TOMBOUCTOU
6;TOMBOUCTOU
6;TOMBOUCTOU
6;TOMBOUCTOU
6;TOMBOUCTOU
6;TOMBOUCTOU
6;TOMBOUCTOU
6;TOMBOUCTOU
6;TOMBOUCTOU
6;TOMBOUCTOU
6;TOMBOUCTOU
6;TOMBOUCTOU
6;TOMBOUCTOU
6;TOMBOUCTOU
6;TOMBOUCTOU
6;TOMBOUCTOU
6;TOMBOUCTOU
6;TOMBOUCTOU
6;TOMBOUCTOU
6;TOMBOUCTOU
6;TOMBOUCTOU
6;TOMBOUCTOU
6;TOMBOUCTOU
6;TOMBOUCTOU
6;TOMBOUCTOU
6;TOMBOUCTOU
6;TOMBOUCTOU
6;TOMBOUCTOU
6;TOMBOUCTOU
6;TOMBOUCTOU
6;TOMBOUCTOU
6;TOMBOUCTOU
6;TOMBOUCTOU
6;TOMBOUCTOU
6;TOMBOUCTOU
6;TOMBOUCTOU
6;TOMBOUCTOU
6;TOMBOUCTOU
6;TOMBOUCTOU
6;TOMBOUCTOU
6;TOMBOUCTOU
6;TOMBOUCTOU
6;TOMBOUCTOU
6;TOMBOUCTOU
6;TOMBOUCTOU
6;TOMBOUCTOU
6;TOMBOUCTOU
6;TOMBOUCTOU
6;TOMBOUCTOU
6;TOMBOUCTOU
6;TOMBOUCTOU
6;TOMBOUCTOU
6;TOMBOUCTOU
6;TOMBOUCTOU
6;TOMBOUCTOU
6;TOMBOUCTOU
6;TOMBOUCTOU
6;TOMBOUCTOU
6;TOMBOUCTOU
6;TOMBOUCTOU
6;TOMBOUCTOU
6;TOMBOUCTOU
6;TOMBOUCTOU
6;TOMBOUCTOU
6;TOMBOUCTOU
6;TOMBOUCTOU
6;TOMBOUCTOU
6;TOMBOUCTOU
6;TOMBOUCTOU
6;TOMBOUCTOU
6;TOMBOUCTOU
6;TOMBOUCTOU
6;TOMBOUCTOU
6;TOMBOUCTOU
6;TOMBOUCTOU
6;TOMBOUCTOU
6;TOMBOUCTOU
6;TOMBOUCTOU
6;TOMBOUCTOU
6;TOMBOUCTOU
6;TOMBOUCTOU
6;TOMBOUCTOU
6;TOMBOUCTOU
6;TOMBOUCTOU
6;TOMBOUCTOU
6;TOMBOUCTOU
6;TOMBOUCTOU
6;TOMBOUCTOU
6;TOMBOUCTOU
6;TOMBOUCTOU
6;TOMBOUCTOU
6;TOMBOUCTOU
6;TOMBOUCTOU
6;TOMBOUCTOU
6;TOMBOUCTOU
6;TOMBOUCTOU
6;TOMBOUCTOU
6;TOMBOUCTOU
6;TOMBOUCTOU
6;TOMBOUCTOU
6;TOMBOUCTOU
6;TOMBOUCTOU
6;TOMBOUCTOU
6;TOMBOUCTOU
6;TOMBOUCTOU
6;TOMBOUCTOU
6;TOMBOUCTOU
6;TOMBOUCTOU
6;TOMBOUCTOU
6;TOMBOUCTOU
6;TOMBOUCTOU
6;TOMBOUCTOU
6;TOMBOUCTOU
6;TOMBOUCTOU
6;TOMBOUCTOU
6;TOMBOUCTOU
6;TOMBOUCTOU
6;TOMBOUCTOU
6;TOMBOUCTOU
6;TOMBOUCTOU
6;TOMBOUCTOU
6;TOMBOUCTOU
6;TOMBOUCTOU
6;TOMBOUCTOU
6;TOMBOUCTOU
6;TOMBOUCTOU
6;TOMBOUCTOU
6;TOMBOUCTOU
6;TOMBOUCTOU
6;TOMBOUCTOU
6;TOMBOUCTOU
6;TOMBOUCTOU
6;TOMBOUCTOU
6;TOMBOUCTOU
6;TOMBOUCTOU
6;TOMBOUCTOU
6;TOMBOUCTOU
6;TOMBOUCTOU
6;TOMBOUCTOU
6;TOMBOUCTOU
6;TOMBOUCTOU
6;TOMBOUCTOU
6;TOMBOUCTOU
6;TOMBOUCTOU
6;TOMBOUCTOU
6;TOMBOUCTOU
6;TOMBOUCTOU
6;TOMBOUCTOU
6;TOMBOUCTOU
6;TOMBOUCTOU
6;TOMBOUCTOU
6;TOMBOUCTOU
6;TOMBOUCTOU
6;TOMBOUCTOU
6;TOMBOUCTOU
6;TOMBOUCTOU
6;TOMBOUCTOU
6;TOMBOUCTOU
6;TOMBOUCTOU
6;TOMBOUCTOU
6;TOMBOUCTOU
6;TOMBOUCTOU
6;TOMBOUCTOU
6;TOMBOUCTOU
6;TOMBOUCTOU
6;TOMBOUCTOU
6;TOMBOUCTOU
6;TOMBOUCTOU
6;TOMBOUCTOU
6;TOMBOUCTOU
6;TOMBOUCTOU
6;TOMBOUCTOU
6;TOMBOUCTOU
6;TOMBOUCTOU
6;TOMBOUCTOU
6;TOMBOUCTOU
6;TOMBOUCTOU
6;TOMBOUCTOU
6;TOMBOUCTOU
6;TOMBOUCTOU
6;TOMBOUCTOU
6;TOMBOUCTOU
6;TOMBOUCTOU
6;TOMBOUCTOU
6;TOMBOUCTOU
6;TOMBOUCTOU
6;TOMBOUCTOU
6;TOMBOUCTOU
6;TOMBOUCTOU
6;TOMBOUCTOU
6;TOMBOUCTOU
6;TOMBOUCTOU
6;TOMBOUCTOU
6;TOMBOUCTOU
6;TOMBOUCTOU
6;TOMBOUCTOU
6;TOMBOUCTOU
6;TOMBOUCTOU
6;TOMBOUCTOU
6;TOMBOUCTOU
6;TOMBOUCTOU
6;TOMBOUCTOU
6;TOMBOUCTOU
6;TOMBOUCTOU
6;TOMBOUCTOU
6;TOMBOUCTOU
6;TOMBOUCTOU
6;TOMBOUCTOU
6;TOMBOUCTOU
6;TOMBOUCTOU
6;TOMBOUCTOU
6;TOMBOUCTOU
6;TOMBOUCTOU
6;TOMBOUCTOU
6;TOMBOUCTOU
6;TOMBOUCTOU
6;TOMBOUCTOU
6;TOMBOUCTOU
6;TOMBOUCTOU
6;TOMBOUCTOU
6;TOMBOUCTOU
6;TOMBOUCTOU
6;TOMBOUCTOU
6;TOMBOUCTOU
6;TOMBOUCTOU
6;TOMBOUCTOU
6;TOMBOUCTOU
6;TOMBOUCTOU
6;TOMBOUCTOU
6;TOMBOUCTOU
6;TOMBOUCTOU
6;TOMBOUCTOU
6;TOMBOUCTOU
6;TOMBOUCTOU
6;TOMBOUCTOU
6;TOMBOUCTOU
6;TOMBOUCTOU
6;TOMBOUCTOU
6;TOMBOUCTOU
6;TOMBOUCTOU
6;TOMBOUCTOU
6;TOMBOUCTOU
6;TOMBOUCTOU
6;TOMBOUCTOU
6;TOMBOUCTOU
6;TOMBOUCTOU
6;TOMBOUCTOU
6;TOMBOUCTOU
6;TOMBOUCTOU
6;TOMBOUCTOU
6;TOMBOUCTOU
6;TOMBOUCTOU
6;TOMBOUCTOU
6;TOMBOUCTOU
6;TOMBOUCTOU
6;TOMBOUCTOU
6;TOMBOUCTOU
6;TOMBOUCTOU
6;TOMBOUCTOU
6;TOMBOUCTOU
6;TOMBOUCTOU
6;TOMBOUCTOU
6;TOMBOUCTOU
6;TOMBOUCTOU
6;TOMBOUCTOU
6;TOMBOUCTOU
6;TOMBOUCTOU
6;TOMBOUCTOU
6;TOMBOUCTOU
6;TOMBOUCTOU
6;TOMBOUCTOU
6;TOMBOUCTOU
6;TOMBOUCTOU
6;TOMBOUCTOU
6;TOMBOUCTOU
6;TOMBOUCTOU
6;TOMBOUCTOU
6;TOMBOUCTOU
6;TOMBOUCTOU
6;TOMBOUCTOU
6;TOMBOUCTOU
6;TOMBOUCTOU
6;TOMBOUCTOU
6;TOMBOUCTOU
6;TOMBOUCTOU
6;TOMBOUCTOU
6;TOMBOUCTOU
6;TOMBOUCTOU
6;TOMBOUCTOU
6;TOMBOUCTOU
6;TOMBOUCTOU
6;TOMBOUCTOU
6;TOMBOUCTOU
6;TOMBOUCTOU
6;TOMBOUCTOU
6;TOMBOUCTOU
6;TOMBOUCTOU
6;TOMBOUCTOU
6;TOMBOUCTOU
6;TOMBOUCTOU
6;TOMBOUCTOU
6;TOMBOUCTOU
6;TOMBOUCTOU
6;TOMBOUCTOU
6;TOMBOUCTOU
6;TOMBOUCTOU
6;TOMBOUCTOU
6;TOMBOUCTOU
6;TOMBOUCTOU
6;TOMBOUCTOU
6;TOMBOUCTOU
6;TOMBOUCTOU
6;TOMBOUCTOU
6;TOMBOUCTOU
6;TOMBOUCTOU
6;TOMBOUCTOU
6;TOMBOUCTOU
6;TOMBOUCTOU
6;TOMBOUCTOU
6;TOMBOUCTOU
6;TOMBOUCTOU
6;TOMBOUCTOU
6;TOMBOUCTOU
6;TOMBOUCTOU
6;TOMBOUCTOU
6;TOMBOUCTOU
6;TOMBOUCTOU
6;TOMBOUCTOU
6;TOMBOUCTOU
6;TOMBOUCTOU
6;TOMBOUCTOU
6;TOMBOUCTOU
6;TOMBOUCTOU
6;TOMBOUCTOU
6;TOMBOUCTOU
6;TOMBOUCTOU
6;TOMBOUCTOU
6;TOMBOUCTOU
6;TOMBOUCTOU
6;TOMBOUCTOU
6;TOMBOUCTOU
6;TOMBOUCTOU
6;TOMBOUCTOU
6;TOMBOUCTOU
7;GAO
7;GAO
7;GAO
7;GAO
7;GAO
7;GAO
7;GAO
7;GAO
7;GAO
7;GAO
7;GAO
7;GAO
7;GAO
7;GAO
7;GAO
7;GAO
7;GAO
7;GAO
7;GAO
7;GAO
7;GAO
7;GAO
7;GAO
7;GAO
7;GAO
7;GAO
7;GAO
7;GAO
7;GAO
7;GAO
7;GAO
7;GAO
7;GAO
7;GAO
7;GAO
7;GAO
7;GAO
7;GAO
7;GAO
7;GAO
7;GAO
7;GAO
7;GAO
7;GAO
7;GAO
7;GAO
7;GAO
7;GAO
7;GAO
7;GAO
7;GAO
7;GAO
7;GAO
7;GAO
7;GAO
7;GAO
7;GAO
7;GAO
7;GAO
7;GAO
7;GAO
7;GAO
7;GAO
7;GAO
7;GAO
7;GAO
7;GAO
7;GAO
7;GAO
7;GAO
7;GAO
7;GAO
7;GAO
7;GAO
7;GAO
7;GAO
7;GAO
7;GAO
7;GAO
7;GAO
7;GAO
7;GAO
7;GAO
7;GAO
7;GAO
7;GAO
7;GAO
7;GAO
7;GAO
7;GAO
7;GAO
7;GAO
7;GAO
7;GAO
7;GAO
7;GAO
7;GAO
7;GAO
7;GAO
7;GAO
7;GAO
7;GAO
7;GAO
7;GAO
7;GAO
7;GAO
7;GAO
7;GAO
7;GAO
7;GAO
7;GAO
7;GAO
7;GAO
7;GAO
7;GAO
7;GAO
7;GAO
7;GAO
7;GAO
7;GAO
7;GAO
7;GAO
7;GAO
7;GAO
7;GAO
7;GAO
7;GAO
7;GAO
7;GAO
7;GAO
7;GAO
7;GAO
7;GAO
7;GAO
7;GAO
7;GAO
8;KIDAL
8;KIDAL
8;KIDAL
8;KIDAL
8;KIDAL
8;KIDAL
8;KIDAL
8;KIDAL
8;KIDAL
8;KIDAL
8;KIDAL
8;KIDAL
9;BAMAKO
9;BAMAKO
9;BAMAKO
9;BAMAKO
9;BAMAKO
9;BAMAKO
9;BAMAKO
9;BAMAKO
9;BAMAKO
9;BAMAKO
9;BAMAKO
9;BAMAKO
9;BAMAKO
9;BAMAKO
9;BAMAKO
9;BAMAKO
9;BAMAKO
9;BAMAKO
9;BAMAKO
9;BAMAKO
9;BAMAKO
9;BAMAKO
9;BAMAKO
9;BAMAKO
9;BAMAKO
9;BAMAKO
9;BAMAKO
9;BAMAKO
9;BAMAKO
9;BAMAKO
9;BAMAKO
9;BAMAKO
9;BAMAKO
9;BAMAKO
9;BAMAKO
9;BAMAKO
9;BAMAKO
9;BAMAKO
9;BAMAKO
9;BAMAKO
9;BAMAKO
9;BAMAKO
9;BAMAKO
9;BAMAKO
9;BAMAKO
9;BAMAKO
9;BAMAKO
9;BAMAKO
9;BAMAKO
9;BAMAKO
9;BAMAKO
9;BAMAKO
9;BAMAKO
9;BAMAKO
9;BAMAKO
9;BAMAKO
9;BAMAKO